<?xml version="1.0" encoding="UTF-8"?>
<spirit:component xmlns:xilinx="http://www.xilinx.com" xmlns:spirit="http://www.spiritconsortium.org/XMLSchema/SPIRIT/1685-2009" xmlns:xsi="http://www.w3.org/2001/XMLSchema-instance">
  <spirit:vendor>xilinx.com</spirit:vendor>
  <spirit:library>user</spirit:library>
  <spirit:name>myip_Accel_Controller</spirit:name>
  <spirit:version>1.0</spirit:version>
  <spirit:busInterfaces>
    <spirit:busInterface>
      <spirit:name>S00_AXI</spirit:name>
      <spirit:busType spirit:vendor="xilinx.com" spirit:library="interface" spirit:name="aximm" spirit:version="1.0"/>
      <spirit:abstractionType spirit:vendor="xilinx.com" spirit:library="interface" spirit:name="aximm_rtl" spirit:version="1.0"/>
      <spirit:slave>
        <spirit:memoryMapRef spirit:memoryMapRef="S00_AXI"/>
      </spirit:slave>
      <spirit:portMaps>
        <spirit:portMap>
          <spirit:logicalPort>
            <spirit:name>AWADDR</spirit:name>
          </spirit:logicalPort>
          <spirit:physicalPort>
            <spirit:name>s00_axi_awaddr</spirit:name>
          </spirit:physicalPort>
        </spirit:portMap>
        <spirit:portMap>
          <spirit:logicalPort>
            <spirit:name>AWPROT</spirit:name>
          </spirit:logicalPort>
          <spirit:physicalPort>
            <spirit:name>s00_axi_awprot</spirit:name>
          </spirit:physicalPort>
        </spirit:portMap>
        <spirit:portMap>
          <spirit:logicalPort>
            <spirit:name>AWVALID</spirit:name>
          </spirit:logicalPort>
          <spirit:physicalPort>
            <spirit:name>s00_axi_awvalid</spirit:name>
          </spirit:physicalPort>
        </spirit:portMap>
        <spirit:portMap>
          <spirit:logicalPort>
            <spirit:name>AWREADY</spirit:name>
          </spirit:logicalPort>
          <spirit:physicalPort>
            <spirit:name>s00_axi_awready</spirit:name>
          </spirit:physicalPort>
        </spirit:portMap>
        <spirit:portMap>
          <spirit:logicalPort>
            <spirit:name>WDATA</spirit:name>
          </spirit:logicalPort>
          <spirit:physicalPort>
            <spirit:name>s00_axi_wdata</spirit:name>
          </spirit:physicalPort>
        </spirit:portMap>
        <spirit:portMap>
          <spirit:logicalPort>
            <spirit:name>WSTRB</spirit:name>
          </spirit:logicalPort>
          <spirit:physicalPort>
            <spirit:name>s00_axi_wstrb</spirit:name>
          </spirit:physicalPort>
        </spirit:portMap>
        <spirit:portMap>
          <spirit:logicalPort>
            <spirit:name>WVALID</spirit:name>
          </spirit:logicalPort>
          <spirit:physicalPort>
            <spirit:name>s00_axi_wvalid</spirit:name>
          </spirit:physicalPort>
        </spirit:portMap>
        <spirit:portMap>
          <spirit:logicalPort>
            <spirit:name>WREADY</spirit:name>
          </spirit:logicalPort>
          <spirit:physicalPort>
            <spirit:name>s00_axi_wready</spirit:name>
          </spirit:physicalPort>
        </spirit:portMap>
        <spirit:portMap>
          <spirit:logicalPort>
            <spirit:name>BRESP</spirit:name>
          </spirit:logicalPort>
          <spirit:physicalPort>
            <spirit:name>s00_axi_bresp</spirit:name>
          </spirit:physicalPort>
        </spirit:portMap>
        <spirit:portMap>
          <spirit:logicalPort>
            <spirit:name>BVALID</spirit:name>
          </spirit:logicalPort>
          <spirit:physicalPort>
            <spirit:name>s00_axi_bvalid</spirit:name>
          </spirit:physicalPort>
        </spirit:portMap>
        <spirit:portMap>
          <spirit:logicalPort>
            <spirit:name>BREADY</spirit:name>
          </spirit:logicalPort>
          <spirit:physicalPort>
            <spirit:name>s00_axi_bready</spirit:name>
          </spirit:physicalPort>
        </spirit:portMap>
        <spirit:portMap>
          <spirit:logicalPort>
            <spirit:name>ARADDR</spirit:name>
          </spirit:logicalPort>
          <spirit:physicalPort>
            <spirit:name>s00_axi_araddr</spirit:name>
          </spirit:physicalPort>
        </spirit:portMap>
        <spirit:portMap>
          <spirit:logicalPort>
            <spirit:name>ARPROT</spirit:name>
          </spirit:logicalPort>
          <spirit:physicalPort>
            <spirit:name>s00_axi_arprot</spirit:name>
          </spirit:physicalPort>
        </spirit:portMap>
        <spirit:portMap>
          <spirit:logicalPort>
            <spirit:name>ARVALID</spirit:name>
          </spirit:logicalPort>
          <spirit:physicalPort>
            <spirit:name>s00_axi_arvalid</spirit:name>
          </spirit:physicalPort>
        </spirit:portMap>
        <spirit:portMap>
          <spirit:logicalPort>
            <spirit:name>ARREADY</spirit:name>
          </spirit:logicalPort>
          <spirit:physicalPort>
            <spirit:name>s00_axi_arready</spirit:name>
          </spirit:physicalPort>
        </spirit:portMap>
        <spirit:portMap>
          <spirit:logicalPort>
            <spirit:name>RDATA</spirit:name>
          </spirit:logicalPort>
          <spirit:physicalPort>
            <spirit:name>s00_axi_rdata</spirit:name>
          </spirit:physicalPort>
        </spirit:portMap>
        <spirit:portMap>
          <spirit:logicalPort>
            <spirit:name>RRESP</spirit:name>
          </spirit:logicalPort>
          <spirit:physicalPort>
            <spirit:name>s00_axi_rresp</spirit:name>
          </spirit:physicalPort>
        </spirit:portMap>
        <spirit:portMap>
          <spirit:logicalPort>
            <spirit:name>RVALID</spirit:name>
          </spirit:logicalPort>
          <spirit:physicalPort>
            <spirit:name>s00_axi_rvalid</spirit:name>
          </spirit:physicalPort>
        </spirit:portMap>
        <spirit:portMap>
          <spirit:logicalPort>
            <spirit:name>RREADY</spirit:name>
          </spirit:logicalPort>
          <spirit:physicalPort>
            <spirit:name>s00_axi_rready</spirit:name>
          </spirit:physicalPort>
        </spirit:portMap>
      </spirit:portMaps>
      <spirit:parameters>
        <spirit:parameter>
          <spirit:name>WIZ_DATA_WIDTH</spirit:name>
          <spirit:value spirit:format="long" spirit:id="BUSIFPARAM_VALUE.S00_AXI.WIZ_DATA_WIDTH" spirit:choiceRef="choice_list_6fc15197">32</spirit:value>
        </spirit:parameter>
        <spirit:parameter>
          <spirit:name>WIZ_NUM_REG</spirit:name>
          <spirit:value spirit:format="long" spirit:id="BUSIFPARAM_VALUE.S00_AXI.WIZ_NUM_REG" spirit:minimum="4" spirit:maximum="512" spirit:rangeType="long">8</spirit:value>
        </spirit:parameter>
        <spirit:parameter>
          <spirit:name>SUPPORTS_NARROW_BURST</spirit:name>
          <spirit:value spirit:format="long" spirit:id="BUSIFPARAM_VALUE.S00_AXI.SUPPORTS_NARROW_BURST" spirit:choiceRef="choice_pairs_ce1226b1">0</spirit:value>
        </spirit:parameter>
      </spirit:parameters>
    </spirit:busInterface>
    <spirit:busInterface>
      <spirit:name>S00_AXI_RST</spirit:name>
      <spirit:busType spirit:vendor="xilinx.com" spirit:library="signal" spirit:name="reset" spirit:version="1.0"/>
      <spirit:abstractionType spirit:vendor="xilinx.com" spirit:library="signal" spirit:name="reset_rtl" spirit:version="1.0"/>
      <spirit:slave/>
      <spirit:portMaps>
        <spirit:portMap>
          <spirit:logicalPort>
            <spirit:name>RST</spirit:name>
          </spirit:logicalPort>
          <spirit:physicalPort>
            <spirit:name>s00_axi_aresetn</spirit:name>
          </spirit:physicalPort>
        </spirit:portMap>
      </spirit:portMaps>
      <spirit:parameters>
        <spirit:parameter>
          <spirit:name>POLARITY</spirit:name>
          <spirit:value spirit:id="BUSIFPARAM_VALUE.S00_AXI_RST.POLARITY" spirit:choiceRef="choice_list_9d8b0d81">ACTIVE_LOW</spirit:value>
        </spirit:parameter>
      </spirit:parameters>
    </spirit:busInterface>
    <spirit:busInterface>
      <spirit:name>S00_AXI_CLK</spirit:name>
      <spirit:busType spirit:vendor="xilinx.com" spirit:library="signal" spirit:name="clock" spirit:version="1.0"/>
      <spirit:abstractionType spirit:vendor="xilinx.com" spirit:library="signal" spirit:name="clock_rtl" spirit:version="1.0"/>
      <spirit:slave/>
      <spirit:portMaps>
        <spirit:portMap>
          <spirit:logicalPort>
            <spirit:name>CLK</spirit:name>
          </spirit:logicalPort>
          <spirit:physicalPort>
            <spirit:name>s00_axi_aclk</spirit:name>
          </spirit:physicalPort>
        </spirit:portMap>
      </spirit:portMaps>
      <spirit:parameters>
        <spirit:parameter>
          <spirit:name>ASSOCIATED_BUSIF</spirit:name>
          <spirit:value spirit:id="BUSIFPARAM_VALUE.S00_AXI_CLK.ASSOCIATED_BUSIF">S00_AXI</spirit:value>
        </spirit:parameter>
        <spirit:parameter>
          <spirit:name>ASSOCIATED_RESET</spirit:name>
          <spirit:value spirit:id="BUSIFPARAM_VALUE.S00_AXI_CLK.ASSOCIATED_RESET">s00_axi_aresetn</spirit:value>
        </spirit:parameter>
      </spirit:parameters>
    </spirit:busInterface>
  </spirit:busInterfaces>
  <spirit:memoryMaps>
    <spirit:memoryMap>
      <spirit:name>S00_AXI</spirit:name>
      <spirit:addressBlock>
        <spirit:name>S00_AXI_reg</spirit:name>
        <spirit:baseAddress spirit:format="long" spirit:resolve="user">0</spirit:baseAddress>
        <spirit:range spirit:format="long">4096</spirit:range>
        <spirit:width spirit:format="long">32</spirit:width>
        <spirit:usage>register</spirit:usage>
        <spirit:parameters>
          <spirit:parameter>
            <spirit:name>OFFSET_BASE_PARAM</spirit:name>
            <spirit:value spirit:id="ADDRBLOCKPARAM_VALUE.S00_AXI.S00_AXI_REG.OFFSET_BASE_PARAM">C_S00_AXI_BASEADDR</spirit:value>
          </spirit:parameter>
          <spirit:parameter>
            <spirit:name>OFFSET_HIGH_PARAM</spirit:name>
            <spirit:value spirit:id="ADDRBLOCKPARAM_VALUE.S00_AXI.S00_AXI_REG.OFFSET_HIGH_PARAM">C_S00_AXI_HIGHADDR</spirit:value>
          </spirit:parameter>
        </spirit:parameters>
      </spirit:addressBlock>
    </spirit:memoryMap>
  </spirit:memoryMaps>
  <spirit:model>
    <spirit:views>
      <spirit:view>
        <spirit:name>xilinx_verilogsynthesis</spirit:name>
        <spirit:displayName>Verilog Synthesis</spirit:displayName>
        <spirit:envIdentifier>verilogSource:vivado.xilinx.com:synthesis</spirit:envIdentifier>
        <spirit:language>verilog</spirit:language>
        <spirit:modelName>myip_Accel_Controller_v1_0</spirit:modelName>
        <spirit:fileSetRef>
          <spirit:localName>xilinx_verilogsynthesis_xilinx_com_ip_xadc_wiz_3_3__ref_view_fileset</spirit:localName>
        </spirit:fileSetRef>
        <spirit:fileSetRef>
          <spirit:localName>xilinx_verilogsynthesis_view_fileset</spirit:localName>
        </spirit:fileSetRef>
        <spirit:parameters>
          <spirit:parameter>
            <spirit:name>viewChecksum</spirit:name>
            <spirit:value>e8c11421</spirit:value>
          </spirit:parameter>
        </spirit:parameters>
      </spirit:view>
      <spirit:view>
        <spirit:name>xilinx_verilogbehavioralsimulation</spirit:name>
        <spirit:displayName>Verilog Simulation</spirit:displayName>
        <spirit:envIdentifier>verilogSource:vivado.xilinx.com:simulation</spirit:envIdentifier>
        <spirit:language>verilog</spirit:language>
        <spirit:modelName>myip_Accel_Controller_v1_0</spirit:modelName>
        <spirit:fileSetRef>
          <spirit:localName>xilinx_verilogbehavioralsimulation_xilinx_com_ip_xadc_wiz_3_3__ref_view_fileset</spirit:localName>
        </spirit:fileSetRef>
        <spirit:fileSetRef>
          <spirit:localName>xilinx_verilogbehavioralsimulation_view_fileset</spirit:localName>
        </spirit:fileSetRef>
        <spirit:parameters>
          <spirit:parameter>
            <spirit:name>viewChecksum</spirit:name>
            <spirit:value>e8c11421</spirit:value>
          </spirit:parameter>
        </spirit:parameters>
      </spirit:view>
      <spirit:view>
        <spirit:name>xilinx_softwaredriver</spirit:name>
        <spirit:displayName>Software Driver</spirit:displayName>
        <spirit:envIdentifier>:vivado.xilinx.com:sw.driver</spirit:envIdentifier>
        <spirit:fileSetRef>
          <spirit:localName>xilinx_softwaredriver_view_fileset</spirit:localName>
        </spirit:fileSetRef>
        <spirit:parameters>
          <spirit:parameter>
            <spirit:name>viewChecksum</spirit:name>
            <spirit:value>8bce01b5</spirit:value>
          </spirit:parameter>
        </spirit:parameters>
      </spirit:view>
      <spirit:view>
        <spirit:name>xilinx_xpgui</spirit:name>
        <spirit:displayName>UI Layout</spirit:displayName>
        <spirit:envIdentifier>:vivado.xilinx.com:xgui.ui</spirit:envIdentifier>
        <spirit:fileSetRef>
          <spirit:localName>xilinx_xpgui_view_fileset</spirit:localName>
        </spirit:fileSetRef>
        <spirit:parameters>
          <spirit:parameter>
            <spirit:name>viewChecksum</spirit:name>
            <spirit:value>0e5443b4</spirit:value>
          </spirit:parameter>
        </spirit:parameters>
      </spirit:view>
      <spirit:view>
        <spirit:name>bd_tcl</spirit:name>
        <spirit:displayName>Block Diagram</spirit:displayName>
        <spirit:envIdentifier>:vivado.xilinx.com:block.diagram</spirit:envIdentifier>
        <spirit:fileSetRef>
          <spirit:localName>bd_tcl_view_fileset</spirit:localName>
        </spirit:fileSetRef>
        <spirit:parameters>
          <spirit:parameter>
            <spirit:name>viewChecksum</spirit:name>
            <spirit:value>16328387</spirit:value>
          </spirit:parameter>
        </spirit:parameters>
      </spirit:view>
    </spirit:views>
    <spirit:ports>
      <spirit:port>
        <spirit:name>vauxp6</spirit:name>
        <spirit:wire>
          <spirit:direction>in</spirit:direction>
          <spirit:wireTypeDefs>
            <spirit:wireTypeDef>
              <spirit:typeName>std_logic</spirit:typeName>
              <spirit:viewNameRef>xilinx_verilogsynthesis</spirit:viewNameRef>
              <spirit:viewNameRef>xilinx_verilogbehavioralsimulation</spirit:viewNameRef>
            </spirit:wireTypeDef>
          </spirit:wireTypeDefs>
        </spirit:wire>
      </spirit:port>
      <spirit:port>
        <spirit:name>vauxn6</spirit:name>
        <spirit:wire>
          <spirit:direction>in</spirit:direction>
          <spirit:wireTypeDefs>
            <spirit:wireTypeDef>
              <spirit:typeName>std_logic</spirit:typeName>
              <spirit:viewNameRef>xilinx_verilogsynthesis</spirit:viewNameRef>
              <spirit:viewNameRef>xilinx_verilogbehavioralsimulation</spirit:viewNameRef>
            </spirit:wireTypeDef>
          </spirit:wireTypeDefs>
        </spirit:wire>
      </spirit:port>
      <spirit:port>
        <spirit:name>U_PWM</spirit:name>
        <spirit:wire>
          <spirit:direction>out</spirit:direction>
          <spirit:wireTypeDefs>
            <spirit:wireTypeDef>
              <spirit:typeName>std_logic</spirit:typeName>
              <spirit:viewNameRef>xilinx_verilogsynthesis</spirit:viewNameRef>
              <spirit:viewNameRef>xilinx_verilogbehavioralsimulation</spirit:viewNameRef>
            </spirit:wireTypeDef>
          </spirit:wireTypeDefs>
        </spirit:wire>
      </spirit:port>
      <spirit:port>
        <spirit:name>V_PWM</spirit:name>
        <spirit:wire>
          <spirit:direction>out</spirit:direction>
          <spirit:wireTypeDefs>
            <spirit:wireTypeDef>
              <spirit:typeName>std_logic</spirit:typeName>
              <spirit:viewNameRef>xilinx_verilogsynthesis</spirit:viewNameRef>
              <spirit:viewNameRef>xilinx_verilogbehavioralsimulation</spirit:viewNameRef>
            </spirit:wireTypeDef>
          </spirit:wireTypeDefs>
        </spirit:wire>
      </spirit:port>
      <spirit:port>
        <spirit:name>W_PWM</spirit:name>
        <spirit:wire>
          <spirit:direction>out</spirit:direction>
          <spirit:wireTypeDefs>
            <spirit:wireTypeDef>
              <spirit:typeName>std_logic</spirit:typeName>
              <spirit:viewNameRef>xilinx_verilogsynthesis</spirit:viewNameRef>
              <spirit:viewNameRef>xilinx_verilogbehavioralsimulation</spirit:viewNameRef>
            </spirit:wireTypeDef>
          </spirit:wireTypeDefs>
        </spirit:wire>
      </spirit:port>
      <spirit:port>
        <spirit:name>s00_axi_aclk</spirit:name>
        <spirit:wire>
          <spirit:direction>in</spirit:direction>
          <spirit:wireTypeDefs>
            <spirit:wireTypeDef>
              <spirit:typeName>wire</spirit:typeName>
              <spirit:viewNameRef>xilinx_verilogsynthesis</spirit:viewNameRef>
              <spirit:viewNameRef>xilinx_verilogbehavioralsimulation</spirit:viewNameRef>
            </spirit:wireTypeDef>
          </spirit:wireTypeDefs>
        </spirit:wire>
      </spirit:port>
      <spirit:port>
        <spirit:name>s00_axi_aresetn</spirit:name>
        <spirit:wire>
          <spirit:direction>in</spirit:direction>
          <spirit:wireTypeDefs>
            <spirit:wireTypeDef>
              <spirit:typeName>wire</spirit:typeName>
              <spirit:viewNameRef>xilinx_verilogsynthesis</spirit:viewNameRef>
              <spirit:viewNameRef>xilinx_verilogbehavioralsimulation</spirit:viewNameRef>
            </spirit:wireTypeDef>
          </spirit:wireTypeDefs>
        </spirit:wire>
      </spirit:port>
      <spirit:port>
        <spirit:name>s00_axi_awaddr</spirit:name>
        <spirit:wire>
          <spirit:direction>in</spirit:direction>
          <spirit:vector>
            <spirit:left spirit:format="long" spirit:resolve="dependent" spirit:dependency="(spirit:decode(id(&apos;MODELPARAM_VALUE.C_S00_AXI_ADDR_WIDTH&apos;)) - 1)">4</spirit:left>
            <spirit:right spirit:format="long">0</spirit:right>
          </spirit:vector>
          <spirit:wireTypeDefs>
            <spirit:wireTypeDef>
              <spirit:typeName>wire</spirit:typeName>
              <spirit:viewNameRef>xilinx_verilogsynthesis</spirit:viewNameRef>
              <spirit:viewNameRef>xilinx_verilogbehavioralsimulation</spirit:viewNameRef>
            </spirit:wireTypeDef>
          </spirit:wireTypeDefs>
        </spirit:wire>
      </spirit:port>
      <spirit:port>
        <spirit:name>s00_axi_awprot</spirit:name>
        <spirit:wire>
          <spirit:direction>in</spirit:direction>
          <spirit:vector>
            <spirit:left spirit:format="long">2</spirit:left>
            <spirit:right spirit:format="long">0</spirit:right>
          </spirit:vector>
          <spirit:wireTypeDefs>
            <spirit:wireTypeDef>
              <spirit:typeName>wire</spirit:typeName>
              <spirit:viewNameRef>xilinx_verilogsynthesis</spirit:viewNameRef>
              <spirit:viewNameRef>xilinx_verilogbehavioralsimulation</spirit:viewNameRef>
            </spirit:wireTypeDef>
          </spirit:wireTypeDefs>
        </spirit:wire>
      </spirit:port>
      <spirit:port>
        <spirit:name>s00_axi_awvalid</spirit:name>
        <spirit:wire>
          <spirit:direction>in</spirit:direction>
          <spirit:wireTypeDefs>
            <spirit:wireTypeDef>
              <spirit:typeName>wire</spirit:typeName>
              <spirit:viewNameRef>xilinx_verilogsynthesis</spirit:viewNameRef>
              <spirit:viewNameRef>xilinx_verilogbehavioralsimulation</spirit:viewNameRef>
            </spirit:wireTypeDef>
          </spirit:wireTypeDefs>
        </spirit:wire>
      </spirit:port>
      <spirit:port>
        <spirit:name>s00_axi_awready</spirit:name>
        <spirit:wire>
          <spirit:direction>out</spirit:direction>
          <spirit:wireTypeDefs>
            <spirit:wireTypeDef>
              <spirit:typeName>wire</spirit:typeName>
              <spirit:viewNameRef>xilinx_verilogsynthesis</spirit:viewNameRef>
              <spirit:viewNameRef>xilinx_verilogbehavioralsimulation</spirit:viewNameRef>
            </spirit:wireTypeDef>
          </spirit:wireTypeDefs>
        </spirit:wire>
      </spirit:port>
      <spirit:port>
        <spirit:name>s00_axi_wdata</spirit:name>
        <spirit:wire>
          <spirit:direction>in</spirit:direction>
          <spirit:vector>
            <spirit:left spirit:format="long" spirit:resolve="dependent" spirit:dependency="(spirit:decode(id(&apos;MODELPARAM_VALUE.C_S00_AXI_DATA_WIDTH&apos;)) - 1)">31</spirit:left>
            <spirit:right spirit:format="long">0</spirit:right>
          </spirit:vector>
          <spirit:wireTypeDefs>
            <spirit:wireTypeDef>
              <spirit:typeName>wire</spirit:typeName>
              <spirit:viewNameRef>xilinx_verilogsynthesis</spirit:viewNameRef>
              <spirit:viewNameRef>xilinx_verilogbehavioralsimulation</spirit:viewNameRef>
            </spirit:wireTypeDef>
          </spirit:wireTypeDefs>
        </spirit:wire>
      </spirit:port>
      <spirit:port>
        <spirit:name>s00_axi_wstrb</spirit:name>
        <spirit:wire>
          <spirit:direction>in</spirit:direction>
          <spirit:vector>
            <spirit:left spirit:format="long" spirit:resolve="dependent" spirit:dependency="((spirit:decode(id(&apos;MODELPARAM_VALUE.C_S00_AXI_DATA_WIDTH&apos;)) / 8) - 1)">3</spirit:left>
            <spirit:right spirit:format="long">0</spirit:right>
          </spirit:vector>
          <spirit:wireTypeDefs>
            <spirit:wireTypeDef>
              <spirit:typeName>wire</spirit:typeName>
              <spirit:viewNameRef>xilinx_verilogsynthesis</spirit:viewNameRef>
              <spirit:viewNameRef>xilinx_verilogbehavioralsimulation</spirit:viewNameRef>
            </spirit:wireTypeDef>
          </spirit:wireTypeDefs>
        </spirit:wire>
      </spirit:port>
      <spirit:port>
        <spirit:name>s00_axi_wvalid</spirit:name>
        <spirit:wire>
          <spirit:direction>in</spirit:direction>
          <spirit:wireTypeDefs>
            <spirit:wireTypeDef>
              <spirit:typeName>wire</spirit:typeName>
              <spirit:viewNameRef>xilinx_verilogsynthesis</spirit:viewNameRef>
              <spirit:viewNameRef>xilinx_verilogbehavioralsimulation</spirit:viewNameRef>
            </spirit:wireTypeDef>
          </spirit:wireTypeDefs>
        </spirit:wire>
      </spirit:port>
      <spirit:port>
        <spirit:name>s00_axi_wready</spirit:name>
        <spirit:wire>
          <spirit:direction>out</spirit:direction>
          <spirit:wireTypeDefs>
            <spirit:wireTypeDef>
              <spirit:typeName>wire</spirit:typeName>
              <spirit:viewNameRef>xilinx_verilogsynthesis</spirit:viewNameRef>
              <spirit:viewNameRef>xilinx_verilogbehavioralsimulation</spirit:viewNameRef>
            </spirit:wireTypeDef>
          </spirit:wireTypeDefs>
        </spirit:wire>
      </spirit:port>
      <spirit:port>
        <spirit:name>s00_axi_bresp</spirit:name>
        <spirit:wire>
          <spirit:direction>out</spirit:direction>
          <spirit:vector>
            <spirit:left spirit:format="long">1</spirit:left>
            <spirit:right spirit:format="long">0</spirit:right>
          </spirit:vector>
          <spirit:wireTypeDefs>
            <spirit:wireTypeDef>
              <spirit:typeName>wire</spirit:typeName>
              <spirit:viewNameRef>xilinx_verilogsynthesis</spirit:viewNameRef>
              <spirit:viewNameRef>xilinx_verilogbehavioralsimulation</spirit:viewNameRef>
            </spirit:wireTypeDef>
          </spirit:wireTypeDefs>
        </spirit:wire>
      </spirit:port>
      <spirit:port>
        <spirit:name>s00_axi_bvalid</spirit:name>
        <spirit:wire>
          <spirit:direction>out</spirit:direction>
          <spirit:wireTypeDefs>
            <spirit:wireTypeDef>
              <spirit:typeName>wire</spirit:typeName>
              <spirit:viewNameRef>xilinx_verilogsynthesis</spirit:viewNameRef>
              <spirit:viewNameRef>xilinx_verilogbehavioralsimulation</spirit:viewNameRef>
            </spirit:wireTypeDef>
          </spirit:wireTypeDefs>
        </spirit:wire>
      </spirit:port>
      <spirit:port>
        <spirit:name>s00_axi_bready</spirit:name>
        <spirit:wire>
          <spirit:direction>in</spirit:direction>
          <spirit:wireTypeDefs>
            <spirit:wireTypeDef>
              <spirit:typeName>wire</spirit:typeName>
              <spirit:viewNameRef>xilinx_verilogsynthesis</spirit:viewNameRef>
              <spirit:viewNameRef>xilinx_verilogbehavioralsimulation</spirit:viewNameRef>
            </spirit:wireTypeDef>
          </spirit:wireTypeDefs>
        </spirit:wire>
      </spirit:port>
      <spirit:port>
        <spirit:name>s00_axi_araddr</spirit:name>
        <spirit:wire>
          <spirit:direction>in</spirit:direction>
          <spirit:vector>
            <spirit:left spirit:format="long" spirit:resolve="dependent" spirit:dependency="(spirit:decode(id(&apos;MODELPARAM_VALUE.C_S00_AXI_ADDR_WIDTH&apos;)) - 1)">4</spirit:left>
            <spirit:right spirit:format="long">0</spirit:right>
          </spirit:vector>
          <spirit:wireTypeDefs>
            <spirit:wireTypeDef>
              <spirit:typeName>wire</spirit:typeName>
              <spirit:viewNameRef>xilinx_verilogsynthesis</spirit:viewNameRef>
              <spirit:viewNameRef>xilinx_verilogbehavioralsimulation</spirit:viewNameRef>
            </spirit:wireTypeDef>
          </spirit:wireTypeDefs>
        </spirit:wire>
      </spirit:port>
      <spirit:port>
        <spirit:name>s00_axi_arprot</spirit:name>
        <spirit:wire>
          <spirit:direction>in</spirit:direction>
          <spirit:vector>
            <spirit:left spirit:format="long">2</spirit:left>
            <spirit:right spirit:format="long">0</spirit:right>
          </spirit:vector>
          <spirit:wireTypeDefs>
            <spirit:wireTypeDef>
              <spirit:typeName>wire</spirit:typeName>
              <spirit:viewNameRef>xilinx_verilogsynthesis</spirit:viewNameRef>
              <spirit:viewNameRef>xilinx_verilogbehavioralsimulation</spirit:viewNameRef>
            </spirit:wireTypeDef>
          </spirit:wireTypeDefs>
        </spirit:wire>
      </spirit:port>
      <spirit:port>
        <spirit:name>s00_axi_arvalid</spirit:name>
        <spirit:wire>
          <spirit:direction>in</spirit:direction>
          <spirit:wireTypeDefs>
            <spirit:wireTypeDef>
              <spirit:typeName>wire</spirit:typeName>
              <spirit:viewNameRef>xilinx_verilogsynthesis</spirit:viewNameRef>
              <spirit:viewNameRef>xilinx_verilogbehavioralsimulation</spirit:viewNameRef>
            </spirit:wireTypeDef>
          </spirit:wireTypeDefs>
        </spirit:wire>
      </spirit:port>
      <spirit:port>
        <spirit:name>s00_axi_arready</spirit:name>
        <spirit:wire>
          <spirit:direction>out</spirit:direction>
          <spirit:wireTypeDefs>
            <spirit:wireTypeDef>
              <spirit:typeName>wire</spirit:typeName>
              <spirit:viewNameRef>xilinx_verilogsynthesis</spirit:viewNameRef>
              <spirit:viewNameRef>xilinx_verilogbehavioralsimulation</spirit:viewNameRef>
            </spirit:wireTypeDef>
          </spirit:wireTypeDefs>
        </spirit:wire>
      </spirit:port>
      <spirit:port>
        <spirit:name>s00_axi_rdata</spirit:name>
        <spirit:wire>
          <spirit:direction>out</spirit:direction>
          <spirit:vector>
            <spirit:left spirit:format="long" spirit:resolve="dependent" spirit:dependency="(spirit:decode(id(&apos;MODELPARAM_VALUE.C_S00_AXI_DATA_WIDTH&apos;)) - 1)">31</spirit:left>
            <spirit:right spirit:format="long">0</spirit:right>
          </spirit:vector>
          <spirit:wireTypeDefs>
            <spirit:wireTypeDef>
              <spirit:typeName>wire</spirit:typeName>
              <spirit:viewNameRef>xilinx_verilogsynthesis</spirit:viewNameRef>
              <spirit:viewNameRef>xilinx_verilogbehavioralsimulation</spirit:viewNameRef>
            </spirit:wireTypeDef>
          </spirit:wireTypeDefs>
        </spirit:wire>
      </spirit:port>
      <spirit:port>
        <spirit:name>s00_axi_rresp</spirit:name>
        <spirit:wire>
          <spirit:direction>out</spirit:direction>
          <spirit:vector>
            <spirit:left spirit:format="long">1</spirit:left>
            <spirit:right spirit:format="long">0</spirit:right>
          </spirit:vector>
          <spirit:wireTypeDefs>
            <spirit:wireTypeDef>
              <spirit:typeName>wire</spirit:typeName>
              <spirit:viewNameRef>xilinx_verilogsynthesis</spirit:viewNameRef>
              <spirit:viewNameRef>xilinx_verilogbehavioralsimulation</spirit:viewNameRef>
            </spirit:wireTypeDef>
          </spirit:wireTypeDefs>
        </spirit:wire>
      </spirit:port>
      <spirit:port>
        <spirit:name>s00_axi_rvalid</spirit:name>
        <spirit:wire>
          <spirit:direction>out</spirit:direction>
          <spirit:wireTypeDefs>
            <spirit:wireTypeDef>
              <spirit:typeName>wire</spirit:typeName>
              <spirit:viewNameRef>xilinx_verilogsynthesis</spirit:viewNameRef>
              <spirit:viewNameRef>xilinx_verilogbehavioralsimulation</spirit:viewNameRef>
            </spirit:wireTypeDef>
          </spirit:wireTypeDefs>
        </spirit:wire>
      </spirit:port>
      <spirit:port>
        <spirit:name>s00_axi_rready</spirit:name>
        <spirit:wire>
          <spirit:direction>in</spirit:direction>
          <spirit:wireTypeDefs>
            <spirit:wireTypeDef>
              <spirit:typeName>wire</spirit:typeName>
              <spirit:viewNameRef>xilinx_verilogsynthesis</spirit:viewNameRef>
              <spirit:viewNameRef>xilinx_verilogbehavioralsimulation</spirit:viewNameRef>
            </spirit:wireTypeDef>
          </spirit:wireTypeDefs>
        </spirit:wire>
      </spirit:port>
    </spirit:ports>
    <spirit:modelParameters>
      <spirit:modelParameter xsi:type="spirit:nameValueTypeType" spirit:dataType="integer">
        <spirit:name>C_S00_AXI_DATA_WIDTH</spirit:name>
        <spirit:displayName>C S00 AXI DATA WIDTH</spirit:displayName>
        <spirit:description>Width of S_AXI data bus</spirit:description>
        <spirit:value spirit:format="long" spirit:resolve="generated" spirit:id="MODELPARAM_VALUE.C_S00_AXI_DATA_WIDTH" spirit:order="3" spirit:rangeType="long">32</spirit:value>
      </spirit:modelParameter>
      <spirit:modelParameter spirit:dataType="integer">
        <spirit:name>C_S00_AXI_ADDR_WIDTH</spirit:name>
        <spirit:displayName>C S00 AXI ADDR WIDTH</spirit:displayName>
        <spirit:description>Width of S_AXI address bus</spirit:description>
        <spirit:value spirit:format="long" spirit:resolve="generated" spirit:id="MODELPARAM_VALUE.C_S00_AXI_ADDR_WIDTH" spirit:order="4" spirit:rangeType="long">5</spirit:value>
      </spirit:modelParameter>
    </spirit:modelParameters>
  </spirit:model>
  <spirit:choices>
    <spirit:choice>
      <spirit:name>choice_list_6fc15197</spirit:name>
      <spirit:enumeration>32</spirit:enumeration>
    </spirit:choice>
    <spirit:choice>
      <spirit:name>choice_list_9d8b0d81</spirit:name>
      <spirit:enumeration>ACTIVE_HIGH</spirit:enumeration>
      <spirit:enumeration>ACTIVE_LOW</spirit:enumeration>
    </spirit:choice>
    <spirit:choice>
      <spirit:name>choice_pairs_ce1226b1</spirit:name>
      <spirit:enumeration spirit:text="true">1</spirit:enumeration>
      <spirit:enumeration spirit:text="false">0</spirit:enumeration>
    </spirit:choice>
  </spirit:choices>
  <spirit:fileSets>
    <spirit:fileSet>
      <spirit:name>xilinx_verilogsynthesis_view_fileset</spirit:name>
      <spirit:file>
        <spirit:name>src/xadc_duty/xadc_duty.xci</spirit:name>
        <spirit:userFileType>xci</spirit:userFileType>
      </spirit:file>
      <spirit:file>
        <spirit:name>src/SoC_project.v</spirit:name>
        <spirit:fileType>verilogSource</spirit:fileType>
      </spirit:file>
      <spirit:file>
        <spirit:name>src/exam02_sequential_logic.v</spirit:name>
        <spirit:fileType>verilogSource</spirit:fileType>
      </spirit:file>
      <spirit:file>
        <spirit:name>hdl/myip_Accel_Controller_v1_0_S00_AXI.v</spirit:name>
        <spirit:fileType>verilogSource</spirit:fileType>
      </spirit:file>
      <spirit:file>
        <spirit:name>hdl/myip_Accel_Controller_v1_0.v</spirit:name>
        <spirit:fileType>verilogSource</spirit:fileType>
        <spirit:userFileType>CHECKSUM_d6c375aa</spirit:userFileType>
      </spirit:file>
    </spirit:fileSet>
    <spirit:fileSet>
      <spirit:name>xilinx_verilogsynthesis_xilinx_com_ip_xadc_wiz_3_3__ref_view_fileset</spirit:name>
      <spirit:vendorExtensions>
        <xilinx:subCoreRef>
          <xilinx:componentRef xilinx:vendor="xilinx.com" xilinx:library="ip" xilinx:name="xadc_wiz" xilinx:version="3.3">
            <xilinx:mode xilinx:name="create_mode"/>
          </xilinx:componentRef>
        </xilinx:subCoreRef>
      </spirit:vendorExtensions>
    </spirit:fileSet>
    <spirit:fileSet>
      <spirit:name>xilinx_verilogbehavioralsimulation_view_fileset</spirit:name>
      <spirit:file>
        <spirit:name>src/xadc_duty/xadc_duty.xci</spirit:name>
        <spirit:userFileType>xci</spirit:userFileType>
      </spirit:file>
      <spirit:file>
        <spirit:name>src/SoC_project.v</spirit:name>
        <spirit:fileType>verilogSource</spirit:fileType>
      </spirit:file>
      <spirit:file>
        <spirit:name>src/exam02_sequential_logic.v</spirit:name>
        <spirit:fileType>verilogSource</spirit:fileType>
      </spirit:file>
      <spirit:file>
        <spirit:name>hdl/myip_Accel_Controller_v1_0_S00_AXI.v</spirit:name>
        <spirit:fileType>verilogSource</spirit:fileType>
      </spirit:file>
      <spirit:file>
        <spirit:name>hdl/myip_Accel_Controller_v1_0.v</spirit:name>
        <spirit:fileType>verilogSource</spirit:fileType>
      </spirit:file>
    </spirit:fileSet>
    <spirit:fileSet>
      <spirit:name>xilinx_verilogbehavioralsimulation_xilinx_com_ip_xadc_wiz_3_3__ref_view_fileset</spirit:name>
      <spirit:vendorExtensions>
        <xilinx:subCoreRef>
          <xilinx:componentRef xilinx:vendor="xilinx.com" xilinx:library="ip" xilinx:name="xadc_wiz" xilinx:version="3.3">
            <xilinx:mode xilinx:name="create_mode"/>
          </xilinx:componentRef>
        </xilinx:subCoreRef>
      </spirit:vendorExtensions>
    </spirit:fileSet>
    <spirit:fileSet>
      <spirit:name>xilinx_softwaredriver_view_fileset</spirit:name>
      <spirit:file>
        <spirit:name>drivers/myip_Accel_Controller_v1_0/data/myip_Accel_Controller.mdd</spirit:name>
        <spirit:userFileType>mdd</spirit:userFileType>
        <spirit:userFileType>driver_mdd</spirit:userFileType>
      </spirit:file>
      <spirit:file>
        <spirit:name>drivers/myip_Accel_Controller_v1_0/data/myip_Accel_Controller.tcl</spirit:name>
        <spirit:fileType>tclSource</spirit:fileType>
        <spirit:userFileType>driver_tcl</spirit:userFileType>
      </spirit:file>
      <spirit:file>
        <spirit:name>drivers/myip_Accel_Controller_v1_0/src/Makefile</spirit:name>
        <spirit:userFileType>driver_src</spirit:userFileType>
      </spirit:file>
      <spirit:file>
        <spirit:name>drivers/myip_Accel_Controller_v1_0/src/myip_Accel_Controller.h</spirit:name>
        <spirit:fileType>cSource</spirit:fileType>
        <spirit:userFileType>driver_src</spirit:userFileType>
      </spirit:file>
      <spirit:file>
        <spirit:name>drivers/myip_Accel_Controller_v1_0/src/myip_Accel_Controller.c</spirit:name>
        <spirit:fileType>cSource</spirit:fileType>
        <spirit:userFileType>driver_src</spirit:userFileType>
      </spirit:file>
      <spirit:file>
        <spirit:name>drivers/myip_Accel_Controller_v1_0/src/myip_Accel_Controller_selftest.c</spirit:name>
        <spirit:fileType>cSource</spirit:fileType>
        <spirit:userFileType>driver_src</spirit:userFileType>
      </spirit:file>
    </spirit:fileSet>
    <spirit:fileSet>
      <spirit:name>xilinx_xpgui_view_fileset</spirit:name>
      <spirit:file>
        <spirit:name>xgui/myip_Accel_Controller_v1_0.tcl</spirit:name>
        <spirit:fileType>tclSource</spirit:fileType>
        <spirit:userFileType>CHECKSUM_0e5443b4</spirit:userFileType>
        <spirit:userFileType>XGUI_VERSION_2</spirit:userFileType>
      </spirit:file>
    </spirit:fileSet>
    <spirit:fileSet>
      <spirit:name>bd_tcl_view_fileset</spirit:name>
      <spirit:file>
        <spirit:name>bd/bd.tcl</spirit:name>
        <spirit:fileType>tclSource</spirit:fileType>
      </spirit:file>
    </spirit:fileSet>
  </spirit:fileSets>
  <spirit:description>My new AXI IP</spirit:description>
  <spirit:parameters>
    <spirit:parameter>
      <spirit:name>C_S00_AXI_DATA_WIDTH</spirit:name>
      <spirit:displayName>C S00 AXI DATA WIDTH</spirit:displayName>
      <spirit:description>Width of S_AXI data bus</spirit:description>
      <spirit:value spirit:format="long" spirit:resolve="user" spirit:id="PARAM_VALUE.C_S00_AXI_DATA_WIDTH" spirit:choiceRef="choice_list_6fc15197" spirit:order="3">32</spirit:value>
      <spirit:vendorExtensions>
        <xilinx:parameterInfo>
          <xilinx:enablement>
            <xilinx:isEnabled xilinx:id="PARAM_ENABLEMENT.C_S00_AXI_DATA_WIDTH">false</xilinx:isEnabled>
          </xilinx:enablement>
        </xilinx:parameterInfo>
      </spirit:vendorExtensions>
    </spirit:parameter>
    <spirit:parameter>
      <spirit:name>C_S00_AXI_ADDR_WIDTH</spirit:name>
      <spirit:displayName>C S00 AXI ADDR WIDTH</spirit:displayName>
      <spirit:description>Width of S_AXI address bus</spirit:description>
      <spirit:value spirit:format="long" spirit:resolve="user" spirit:id="PARAM_VALUE.C_S00_AXI_ADDR_WIDTH" spirit:order="4" spirit:rangeType="long">5</spirit:value>
      <spirit:vendorExtensions>
        <xilinx:parameterInfo>
          <xilinx:enablement>
            <xilinx:isEnabled xilinx:id="PARAM_ENABLEMENT.C_S00_AXI_ADDR_WIDTH">false</xilinx:isEnabled>
          </xilinx:enablement>
        </xilinx:parameterInfo>
      </spirit:vendorExtensions>
    </spirit:parameter>
    <spirit:parameter>
      <spirit:name>C_S00_AXI_BASEADDR</spirit:name>
      <spirit:displayName>C S00 AXI BASEADDR</spirit:displayName>
      <spirit:value spirit:format="bitString" spirit:resolve="user" spirit:id="PARAM_VALUE.C_S00_AXI_BASEADDR" spirit:order="5" spirit:bitStringLength="32">0xFFFFFFFF</spirit:value>
      <spirit:vendorExtensions>
        <xilinx:parameterInfo>
          <xilinx:enablement>
            <xilinx:isEnabled xilinx:id="PARAM_ENABLEMENT.C_S00_AXI_BASEADDR">false</xilinx:isEnabled>
          </xilinx:enablement>
        </xilinx:parameterInfo>
      </spirit:vendorExtensions>
    </spirit:parameter>
    <spirit:parameter>
      <spirit:name>C_S00_AXI_HIGHADDR</spirit:name>
      <spirit:displayName>C S00 AXI HIGHADDR</spirit:displayName>
      <spirit:value spirit:format="bitString" spirit:resolve="user" spirit:id="PARAM_VALUE.C_S00_AXI_HIGHADDR" spirit:order="6" spirit:bitStringLength="32">0x00000000</spirit:value>
      <spirit:vendorExtensions>
        <xilinx:parameterInfo>
          <xilinx:enablement>
            <xilinx:isEnabled xilinx:id="PARAM_ENABLEMENT.C_S00_AXI_HIGHADDR">false</xilinx:isEnabled>
          </xilinx:enablement>
        </xilinx:parameterInfo>
      </spirit:vendorExtensions>
    </spirit:parameter>
    <spirit:parameter>
      <spirit:name>Component_Name</spirit:name>
      <spirit:value spirit:resolve="user" spirit:id="PARAM_VALUE.Component_Name" spirit:order="1">myip_Accel_Controller_v1_0</spirit:value>
    </spirit:parameter>
  </spirit:parameters>
  <spirit:vendorExtensions>
    <xilinx:coreExtensions>
      <xilinx:supportedFamilies>
        <xilinx:family xilinx:lifeCycle="Pre-Production">artix7</xilinx:family>
      </xilinx:supportedFamilies>
      <xilinx:taxonomies>
        <xilinx:taxonomy>AXI_Peripheral</xilinx:taxonomy>
      </xilinx:taxonomies>
      <xilinx:displayName>myip_Accel_Controller_v1.0</xilinx:displayName>
      <xilinx:coreRevision>7</xilinx:coreRevision>
      <xilinx:coreCreationDateTime>2024-10-07T07:46:18Z</xilinx:coreCreationDateTime>
      <xilinx:tags>
        <xilinx:tag xilinx:name="ui.data.coregen.dd@5c084a49_ARCHIVE_LOCATION">c:/work/ip_repo/myip_Accel_Controller_1.0</xilinx:tag>
        <xilinx:tag xilinx:name="ui.data.coregen.dd@e2727aa_ARCHIVE_LOCATION">c:/work/ip_repo/myip_Accel_Controller_1.0</xilinx:tag>
        <xilinx:tag xilinx:name="ui.data.coregen.dd@4f634f26_ARCHIVE_LOCATION">c:/work/ip_repo/myip_Accel_Controller_1.0</xilinx:tag>
        <xilinx:tag xilinx:name="ui.data.coregen.dd@275dd23e_ARCHIVE_LOCATION">c:/work/ip_repo/myip_Accel_Controller_1.0</xilinx:tag>
        <xilinx:tag xilinx:name="ui.data.coregen.dd@1aeb3c63_ARCHIVE_LOCATION">c:/work/ip_repo/myip_Accel_Controller_1.0</xilinx:tag>
        <xilinx:tag xilinx:name="ui.data.coregen.dd@65ac5b93_ARCHIVE_LOCATION">c:/work/ip_repo/myip_Accel_Controller_1.0</xilinx:tag>
        <xilinx:tag xilinx:name="ui.data.coregen.dd@6cd8cfc7_ARCHIVE_LOCATION">c:/work/ip_repo/myip_Accel_Controller_1.0</xilinx:tag>
        <xilinx:tag xilinx:name="ui.data.coregen.dd@b81baa3_ARCHIVE_LOCATION">c:/work/ip_repo/myip_Accel_Controller_1.0</xilinx:tag>
        <xilinx:tag xilinx:name="ui.data.coregen.dd@20167578_ARCHIVE_LOCATION">c:/work/ip_repo/myip_Accel_Controller_1.0</xilinx:tag>
        <xilinx:tag xilinx:name="ui.data.coregen.dd@2ac9e240_ARCHIVE_LOCATION">c:/work/ip_repo/myip_Accel_Controller_1.0</xilinx:tag>
        <xilinx:tag xilinx:name="ui.data.coregen.dd@28480e3c_ARCHIVE_LOCATION">c:/work/ip_repo/myip_Accel_Controller_1.0</xilinx:tag>
        <xilinx:tag xilinx:name="ui.data.coregen.dd@96bf5d5_ARCHIVE_LOCATION">c:/work/ip_repo/myip_Accel_Controller_1.0</xilinx:tag>
        <xilinx:tag xilinx:name="ui.data.coregen.dd@3d8a41c3_ARCHIVE_LOCATION">c:/work/ip_repo/myip_Accel_Controller_1.0</xilinx:tag>
        <xilinx:tag xilinx:name="ui.data.coregen.dd@45a8b0da_ARCHIVE_LOCATION">c:/work/ip_repo/myip_Accel_Controller_1.0</xilinx:tag>
        <xilinx:tag xilinx:name="ui.data.coregen.dd@3754109f_ARCHIVE_LOCATION">c:/work/ip_repo/myip_Accel_Controller_1.0</xilinx:tag>
        <xilinx:tag xilinx:name="ui.data.coregen.dd@57c716ff_ARCHIVE_LOCATION">c:/work/ip_repo/myip_Accel_Controller_1.0</xilinx:tag>
        <xilinx:tag xilinx:name="ui.data.coregen.dd@4f220e22_ARCHIVE_LOCATION">c:/work/ip_repo/myip_Accel_Controller_1.0</xilinx:tag>
        <xilinx:tag xilinx:name="ui.data.coregen.dd@406e87ff_ARCHIVE_LOCATION">c:/work/ip_repo/myip_Accel_Controller_1.0</xilinx:tag>
        <xilinx:tag xilinx:name="ui.data.coregen.dd@2969a7d2_ARCHIVE_LOCATION">c:/work/ip_repo/myip_Accel_Controller_1.0</xilinx:tag>
        <xilinx:tag xilinx:name="ui.data.coregen.dd@ea026fa_ARCHIVE_LOCATION">c:/work/ip_repo/myip_Accel_Controller_1.0</xilinx:tag>
        <xilinx:tag xilinx:name="ui.data.coregen.dd@3efc90ae_ARCHIVE_LOCATION">c:/work/ip_repo/myip_Accel_Controller_1.0</xilinx:tag>
        <xilinx:tag xilinx:name="ui.data.coregen.dd@1f777703_ARCHIVE_LOCATION">c:/work/ip_repo/myip_Accel_Controller_1.0</xilinx:tag>
        <xilinx:tag xilinx:name="ui.data.coregen.dd@19272cea_ARCHIVE_LOCATION">c:/work/ip_repo/myip_Accel_Controller_1.0</xilinx:tag>
        <xilinx:tag xilinx:name="ui.data.coregen.dd@2970b5eb_ARCHIVE_LOCATION">c:/work/ip_repo/myip_Accel_Controller_1.0</xilinx:tag>
        <xilinx:tag xilinx:name="ui.data.coregen.dd@7a1d8869_ARCHIVE_LOCATION">c:/work/ip_repo/myip_Accel_Controller_1.0</xilinx:tag>
        <xilinx:tag xilinx:name="ui.data.coregen.dd@592d6c2e_ARCHIVE_LOCATION">c:/work/ip_repo/myip_Accel_Controller_1.0</xilinx:tag>
        <xilinx:tag xilinx:name="ui.data.coregen.dd@193727e3_ARCHIVE_LOCATION">c:/work/ip_repo/myip_Accel_Controller_1.0</xilinx:tag>
        <xilinx:tag xilinx:name="ui.data.coregen.dd@42ebf034_ARCHIVE_LOCATION">c:/work/ip_repo/myip_Accel_Controller_1.0</xilinx:tag>
        <xilinx:tag xilinx:name="ui.data.coregen.dd@6de3c434_ARCHIVE_LOCATION">c:/work/ip_repo/myip_Accel_Controller_1.0</xilinx:tag>
        <xilinx:tag xilinx:name="ui.data.coregen.dd@63554f82_ARCHIVE_LOCATION">c:/work/ip_repo/myip_Accel_Controller_1.0</xilinx:tag>
        <xilinx:tag xilinx:name="ui.data.coregen.dd@3785712c_ARCHIVE_LOCATION">c:/work/ip_repo/myip_Accel_Controller_1.0</xilinx:tag>
        <xilinx:tag xilinx:name="ui.data.coregen.dd@115e4c2f_ARCHIVE_LOCATION">c:/work/ip_repo/myip_Accel_Controller_1.0</xilinx:tag>
        <xilinx:tag xilinx:name="ui.data.coregen.dd@5b00d2d1_ARCHIVE_LOCATION">c:/work/ip_repo/myip_Accel_Controller_1.0</xilinx:tag>
        <xilinx:tag xilinx:name="ui.data.coregen.dd@15ab1e70_ARCHIVE_LOCATION">c:/work/ip_repo/myip_Accel_Controller_1.0</xilinx:tag>
        <xilinx:tag xilinx:name="ui.data.coregen.dd@5d243194_ARCHIVE_LOCATION">c:/work/ip_repo/myip_Accel_Controller_1.0</xilinx:tag>
        <xilinx:tag xilinx:name="ui.data.coregen.dd@1df552a5_ARCHIVE_LOCATION">c:/work/ip_repo/myip_Accel_Controller_1.0</xilinx:tag>
        <xilinx:tag xilinx:name="ui.data.coregen.dd@635e2a55_ARCHIVE_LOCATION">c:/work/ip_repo/myip_Accel_Controller_1.0</xilinx:tag>
        <xilinx:tag xilinx:name="ui.data.coregen.dd@36770d94_ARCHIVE_LOCATION">c:/work/ip_repo/myip_Accel_Controller_1.0</xilinx:tag>
        <xilinx:tag xilinx:name="ui.data.coregen.dd@178a91d6_ARCHIVE_LOCATION">c:/work/ip_repo/myip_Accel_Controller_1.0</xilinx:tag>
        <xilinx:tag xilinx:name="ui.data.coregen.dd@e6012c8_ARCHIVE_LOCATION">c:/work/ip_repo/myip_Accel_Controller_1.0</xilinx:tag>
        <xilinx:tag xilinx:name="ui.data.coregen.dd@2690de01_ARCHIVE_LOCATION">c:/work/ip_repo/myip_Accel_Controller_1.0</xilinx:tag>
        <xilinx:tag xilinx:name="ui.data.coregen.dd@5e7489e0_ARCHIVE_LOCATION">c:/work/ip_repo/myip_Accel_Controller_1.0</xilinx:tag>
        <xilinx:tag xilinx:name="ui.data.coregen.dd@15a0a4b0_ARCHIVE_LOCATION">c:/work/ip_repo/myip_Accel_Controller_1.0</xilinx:tag>
        <xilinx:tag xilinx:name="ui.data.coregen.dd@13810bfe_ARCHIVE_LOCATION">c:/work/ip_repo/myip_Accel_Controller_1.0</xilinx:tag>
        <xilinx:tag xilinx:name="ui.data.coregen.dd@3db631f6_ARCHIVE_LOCATION">c:/work/ip_repo/myip_Accel_Controller_1.0</xilinx:tag>
        <xilinx:tag xilinx:name="ui.data.coregen.dd@4609e5f3_ARCHIVE_LOCATION">c:/work/ip_repo/myip_Accel_Controller_1.0</xilinx:tag>
        <xilinx:tag xilinx:name="ui.data.coregen.dd@27005ee4_ARCHIVE_LOCATION">c:/work/ip_repo/myip_Accel_Controller_1.0</xilinx:tag>
        <xilinx:tag xilinx:name="ui.data.coregen.dd@23a3561_ARCHIVE_LOCATION">c:/work/ip_repo/myip_Accel_Controller_1.0</xilinx:tag>
        <xilinx:tag xilinx:name="ui.data.coregen.dd@1b4e5c27_ARCHIVE_LOCATION">c:/work/ip_repo/myip_Accel_Controller_1.0</xilinx:tag>
        <xilinx:tag xilinx:name="ui.data.coregen.dd@784e08d_ARCHIVE_LOCATION">c:/work/ip_repo/myip_Accel_Controller_1.0</xilinx:tag>
        <xilinx:tag xilinx:name="ui.data.coregen.dd@59195276_ARCHIVE_LOCATION">c:/work/ip_repo/myip_Accel_Controller_1.0</xilinx:tag>
        <xilinx:tag xilinx:name="ui.data.coregen.dd@4bbfdee3_ARCHIVE_LOCATION">c:/work/ip_repo/myip_Accel_Controller_1.0</xilinx:tag>
        <xilinx:tag xilinx:name="ui.data.coregen.dd@1067fff_ARCHIVE_LOCATION">c:/work/ip_repo/myip_Accel_Controller_1.0</xilinx:tag>
        <xilinx:tag xilinx:name="ui.data.coregen.dd@24728646_ARCHIVE_LOCATION">c:/work/ip_repo/myip_Accel_Controller_1.0</xilinx:tag>
        <xilinx:tag xilinx:name="ui.data.coregen.dd@4e1b3896_ARCHIVE_LOCATION">c:/work/ip_repo/myip_Accel_Controller_1.0</xilinx:tag>
        <xilinx:tag xilinx:name="ui.data.coregen.dd@49aa536f_ARCHIVE_LOCATION">c:/work/ip_repo/myip_Accel_Controller_1.0</xilinx:tag>
        <xilinx:tag xilinx:name="ui.data.coregen.dd@455053c0_ARCHIVE_LOCATION">c:/work/ip_repo/myip_Accel_Controller_1.0</xilinx:tag>
        <xilinx:tag xilinx:name="ui.data.coregen.dd@4e136770_ARCHIVE_LOCATION">c:/work/ip_repo/myip_Accel_Controller_1.0</xilinx:tag>
        <xilinx:tag xilinx:name="ui.data.coregen.dd@4ad72e63_ARCHIVE_LOCATION">c:/work/ip_repo/myip_Accel_Controller_1.0</xilinx:tag>
        <xilinx:tag xilinx:name="ui.data.coregen.dd@2a4638cc_ARCHIVE_LOCATION">c:/work/ip_repo/myip_Accel_Controller_1.0</xilinx:tag>
        <xilinx:tag xilinx:name="ui.data.coregen.dd@53beaa7c_ARCHIVE_LOCATION">c:/work/ip_repo/myip_Accel_Controller_1.0</xilinx:tag>
        <xilinx:tag xilinx:name="ui.data.coregen.dd@134bb0be_ARCHIVE_LOCATION">c:/work/ip_repo/myip_Accel_Controller_1.0</xilinx:tag>
        <xilinx:tag xilinx:name="ui.data.coregen.dd@92f73bb_ARCHIVE_LOCATION">c:/work/ip_repo/myip_Accel_Controller_1.0</xilinx:tag>
        <xilinx:tag xilinx:name="ui.data.coregen.dd@6afb9bde_ARCHIVE_LOCATION">c:/work/ip_repo/myip_Accel_Controller_1.0</xilinx:tag>
        <xilinx:tag xilinx:name="ui.data.coregen.dd@9f8b7f2_ARCHIVE_LOCATION">c:/work/ip_repo/myip_Accel_Controller_1.0</xilinx:tag>
        <xilinx:tag xilinx:name="ui.data.coregen.dd@2d6574ca_ARCHIVE_LOCATION">c:/work/ip_repo/myip_Accel_Controller_1.0</xilinx:tag>
        <xilinx:tag xilinx:name="ui.data.coregen.dd@34ef8fe6_ARCHIVE_LOCATION">c:/work/ip_repo/myip_Accel_Controller_1.0</xilinx:tag>
        <xilinx:tag xilinx:name="ui.data.coregen.dd@245488c0_ARCHIVE_LOCATION">c:/work/ip_repo/myip_Accel_Controller_1.0</xilinx:tag>
        <xilinx:tag xilinx:name="ui.data.coregen.dd@21c2d58a_ARCHIVE_LOCATION">c:/work/ip_repo/myip_Accel_Controller_1.0</xilinx:tag>
        <xilinx:tag xilinx:name="ui.data.coregen.dd@750f53d9_ARCHIVE_LOCATION">c:/work/ip_repo/myip_Accel_Controller_1.0</xilinx:tag>
        <xilinx:tag xilinx:name="ui.data.coregen.dd@7c8b53a3_ARCHIVE_LOCATION">c:/work/ip_repo/myip_Accel_Controller_1.0</xilinx:tag>
        <xilinx:tag xilinx:name="ui.data.coregen.dd@65bb2cb1_ARCHIVE_LOCATION">c:/work/ip_repo/myip_Accel_Controller_1.0</xilinx:tag>
        <xilinx:tag xilinx:name="ui.data.coregen.dd@7a7cd37d_ARCHIVE_LOCATION">c:/work/ip_repo/myip_Accel_Controller_1.0</xilinx:tag>
        <xilinx:tag xilinx:name="ui.data.coregen.dd@4ec88798_ARCHIVE_LOCATION">c:/work/ip_repo/myip_Accel_Controller_1.0</xilinx:tag>
        <xilinx:tag xilinx:name="ui.data.coregen.dd@55f84975_ARCHIVE_LOCATION">c:/work/ip_repo/myip_Accel_Controller_1.0</xilinx:tag>
        <xilinx:tag xilinx:name="ui.data.coregen.dd@47023cd4_ARCHIVE_LOCATION">c:/work/ip_repo/myip_Accel_Controller_1.0</xilinx:tag>
        <xilinx:tag xilinx:name="ui.data.coregen.dd@6c8f3f7d_ARCHIVE_LOCATION">c:/work/ip_repo/myip_Accel_Controller_1.0</xilinx:tag>
        <xilinx:tag xilinx:name="ui.data.coregen.dd@45b1eda0_ARCHIVE_LOCATION">c:/work/ip_repo/myip_Accel_Controller_1.0</xilinx:tag>
        <xilinx:tag xilinx:name="ui.data.coregen.dd@171b21d1_ARCHIVE_LOCATION">c:/work/ip_repo/myip_Accel_Controller_1.0</xilinx:tag>
        <xilinx:tag xilinx:name="ui.data.coregen.dd@76e073e5_ARCHIVE_LOCATION">c:/work/ip_repo/myip_Accel_Controller_1.0</xilinx:tag>
        <xilinx:tag xilinx:name="ui.data.coregen.dd@53b2cef5_ARCHIVE_LOCATION">c:/work/ip_repo/myip_Accel_Controller_1.0</xilinx:tag>
        <xilinx:tag xilinx:name="ui.data.coregen.dd@12fccd21_ARCHIVE_LOCATION">c:/work/ip_repo/myip_Accel_Controller_1.0</xilinx:tag>
        <xilinx:tag xilinx:name="ui.data.coregen.dd@29d0382e_ARCHIVE_LOCATION">c:/work/ip_repo/myip_Accel_Controller_1.0</xilinx:tag>
        <xilinx:tag xilinx:name="ui.data.coregen.dd@6bbc9d02_ARCHIVE_LOCATION">c:/work/ip_repo/myip_Accel_Controller_1.0</xilinx:tag>
        <xilinx:tag xilinx:name="ui.data.coregen.dd@1cf0296e_ARCHIVE_LOCATION">c:/work/ip_repo/myip_Accel_Controller_1.0</xilinx:tag>
        <xilinx:tag xilinx:name="ui.data.coregen.dd@6a2a58cd_ARCHIVE_LOCATION">c:/work/ip_repo/myip_Accel_Controller_1.0</xilinx:tag>
        <xilinx:tag xilinx:name="ui.data.coregen.dd@1dc76ee3_ARCHIVE_LOCATION">c:/work/ip_repo/myip_Accel_Controller_1.0</xilinx:tag>
        <xilinx:tag xilinx:name="ui.data.coregen.dd@2e74428b_ARCHIVE_LOCATION">c:/work/ip_repo/myip_Accel_Controller_1.0</xilinx:tag>
        <xilinx:tag xilinx:name="ui.data.coregen.dd@6c77fc33_ARCHIVE_LOCATION">c:/work/ip_repo/myip_Accel_Controller_1.0</xilinx:tag>
        <xilinx:tag xilinx:name="ui.data.coregen.dd@2abd3577_ARCHIVE_LOCATION">c:/work/ip_repo/myip_Accel_Controller_1.0</xilinx:tag>
        <xilinx:tag xilinx:name="ui.data.coregen.dd@15891491_ARCHIVE_LOCATION">c:/work/ip_repo/myip_Accel_Controller_1.0</xilinx:tag>
        <xilinx:tag xilinx:name="ui.data.coregen.dd@5382b5ac_ARCHIVE_LOCATION">c:/work/ip_repo/myip_Accel_Controller_1.0</xilinx:tag>
        <xilinx:tag xilinx:name="ui.data.coregen.dd@1778c3ab_ARCHIVE_LOCATION">c:/work/ip_repo/myip_Accel_Controller_1.0</xilinx:tag>
        <xilinx:tag xilinx:name="ui.data.coregen.dd@6b943b37_ARCHIVE_LOCATION">c:/work/ip_repo/myip_Accel_Controller_1.0</xilinx:tag>
        <xilinx:tag xilinx:name="ui.data.coregen.dd@f968bd5_ARCHIVE_LOCATION">c:/work/ip_repo/myip_Accel_Controller_1.0</xilinx:tag>
        <xilinx:tag xilinx:name="ui.data.coregen.dd@7d674cb_ARCHIVE_LOCATION">c:/work/ip_repo/myip_Accel_Controller_1.0</xilinx:tag>
        <xilinx:tag xilinx:name="ui.data.coregen.dd@251ffea8_ARCHIVE_LOCATION">c:/work/ip_repo/myip_Accel_Controller_1.0</xilinx:tag>
        <xilinx:tag xilinx:name="ui.data.coregen.dd@4a38cd2b_ARCHIVE_LOCATION">c:/work/ip_repo/myip_Accel_Controller_1.0</xilinx:tag>
        <xilinx:tag xilinx:name="ui.data.coregen.dd@77404476_ARCHIVE_LOCATION">c:/work/ip_repo/myip_Accel_Controller_1.0</xilinx:tag>
        <xilinx:tag xilinx:name="ui.data.coregen.dd@4cc24762_ARCHIVE_LOCATION">c:/work/ip_repo/myip_Accel_Controller_1.0</xilinx:tag>
        <xilinx:tag xilinx:name="ui.data.coregen.dd@7438ff44_ARCHIVE_LOCATION">c:/work/ip_repo/myip_Accel_Controller_1.0</xilinx:tag>
        <xilinx:tag xilinx:name="ui.data.coregen.dd@7f6d6523_ARCHIVE_LOCATION">c:/work/ip_repo/myip_Accel_Controller_1.0</xilinx:tag>
        <xilinx:tag xilinx:name="ui.data.coregen.dd@150cd1e1_ARCHIVE_LOCATION">c:/work/ip_repo/myip_Accel_Controller_1.0</xilinx:tag>
        <xilinx:tag xilinx:name="ui.data.coregen.dd@31b40103_ARCHIVE_LOCATION">c:/work/ip_repo/myip_Accel_Controller_1.0</xilinx:tag>
        <xilinx:tag xilinx:name="ui.data.coregen.dd@240b053d_ARCHIVE_LOCATION">c:/work/ip_repo/myip_Accel_Controller_1.0</xilinx:tag>
        <xilinx:tag xilinx:name="ui.data.coregen.dd@c64a6a3_ARCHIVE_LOCATION">c:/work/ip_repo/myip_Accel_Controller_1.0</xilinx:tag>
        <xilinx:tag xilinx:name="ui.data.coregen.dd@37fd1523_ARCHIVE_LOCATION">c:/work/ip_repo/myip_Accel_Controller_1.0</xilinx:tag>
        <xilinx:tag xilinx:name="ui.data.coregen.dd@66bd25e1_ARCHIVE_LOCATION">c:/work/ip_repo/myip_Accel_Controller_1.0</xilinx:tag>
        <xilinx:tag xilinx:name="ui.data.coregen.dd@f82f4b4_ARCHIVE_LOCATION">c:/work/ip_repo/myip_Accel_Controller_1.0</xilinx:tag>
        <xilinx:tag xilinx:name="ui.data.coregen.dd@126af657_ARCHIVE_LOCATION">c:/work/ip_repo/myip_Accel_Controller_1.0</xilinx:tag>
        <xilinx:tag xilinx:name="ui.data.coregen.dd@7294c186_ARCHIVE_LOCATION">c:/work/ip_repo/myip_Accel_Controller_1.0</xilinx:tag>
        <xilinx:tag xilinx:name="ui.data.coregen.dd@6558c81b_ARCHIVE_LOCATION">c:/work/ip_repo/myip_Accel_Controller_1.0</xilinx:tag>
        <xilinx:tag xilinx:name="ui.data.coregen.dd@6be1c3c1_ARCHIVE_LOCATION">c:/work/ip_repo/myip_Accel_Controller_1.0</xilinx:tag>
        <xilinx:tag xilinx:name="ui.data.coregen.dd@530653c0_ARCHIVE_LOCATION">c:/work/ip_repo/myip_Accel_Controller_1.0</xilinx:tag>
      </xilinx:tags>
    </xilinx:coreExtensions>
    <xilinx:packagingInfo>
      <xilinx:xilinxVersion>2019.2</xilinx:xilinxVersion>
      <xilinx:checksum xilinx:scope="busInterfaces" xilinx:value="206b0a70"/>
      <xilinx:checksum xilinx:scope="memoryMaps" xilinx:value="ed1368d5"/>
      <xilinx:checksum xilinx:scope="fileGroups" xilinx:value="b8ca49ce"/>
      <xilinx:checksum xilinx:scope="ports" xilinx:value="d656f479"/>
      <xilinx:checksum xilinx:scope="hdlParameters" xilinx:value="2e811c89"/>
      <xilinx:checksum xilinx:scope="parameters" xilinx:value="5ee7df95"/>
    </xilinx:packagingInfo>
  </spirit:vendorExtensions>
</spirit:component>
