<?xml version="1.0" encoding="UTF-8"?>
<spirit:component xmlns:xilinx="http://www.xilinx.com" xmlns:spirit="http://www.spiritconsortium.org/XMLSchema/SPIRIT/1685-2009" xmlns:xsi="http://www.w3.org/2001/XMLSchema-instance">
  <spirit:vendor>xilinx.com</spirit:vendor>
  <spirit:library>user</spirit:library>
  <spirit:name>myMotorControl</spirit:name>
  <spirit:version>1.0</spirit:version>
  <spirit:busInterfaces>
    <spirit:busInterface>
      <spirit:name>S00_AXI</spirit:name>
      <spirit:busType spirit:vendor="xilinx.com" spirit:library="interface" spirit:name="aximm" spirit:version="1.0"/>
      <spirit:abstractionType spirit:vendor="xilinx.com" spirit:library="interface" spirit:name="aximm_rtl" spirit:version="1.0"/>
      <spirit:slave>
        <spirit:memoryMapRef spirit:memoryMapRef="S00_AXI"/>
      </spirit:slave>
      <spirit:portMaps>
        <spirit:portMap>
          <spirit:logicalPort>
            <spirit:name>AWADDR</spirit:name>
          </spirit:logicalPort>
          <spirit:physicalPort>
            <spirit:name>s00_axi_awaddr</spirit:name>
          </spirit:physicalPort>
        </spirit:portMap>
        <spirit:portMap>
          <spirit:logicalPort>
            <spirit:name>AWPROT</spirit:name>
          </spirit:logicalPort>
          <spirit:physicalPort>
            <spirit:name>s00_axi_awprot</spirit:name>
          </spirit:physicalPort>
        </spirit:portMap>
        <spirit:portMap>
          <spirit:logicalPort>
            <spirit:name>AWVALID</spirit:name>
          </spirit:logicalPort>
          <spirit:physicalPort>
            <spirit:name>s00_axi_awvalid</spirit:name>
          </spirit:physicalPort>
        </spirit:portMap>
        <spirit:portMap>
          <spirit:logicalPort>
            <spirit:name>AWREADY</spirit:name>
          </spirit:logicalPort>
          <spirit:physicalPort>
            <spirit:name>s00_axi_awready</spirit:name>
          </spirit:physicalPort>
        </spirit:portMap>
        <spirit:portMap>
          <spirit:logicalPort>
            <spirit:name>WDATA</spirit:name>
          </spirit:logicalPort>
          <spirit:physicalPort>
            <spirit:name>s00_axi_wdata</spirit:name>
          </spirit:physicalPort>
        </spirit:portMap>
        <spirit:portMap>
          <spirit:logicalPort>
            <spirit:name>WSTRB</spirit:name>
          </spirit:logicalPort>
          <spirit:physicalPort>
            <spirit:name>s00_axi_wstrb</spirit:name>
          </spirit:physicalPort>
        </spirit:portMap>
        <spirit:portMap>
          <spirit:logicalPort>
            <spirit:name>WVALID</spirit:name>
          </spirit:logicalPort>
          <spirit:physicalPort>
            <spirit:name>s00_axi_wvalid</spirit:name>
          </spirit:physicalPort>
        </spirit:portMap>
        <spirit:portMap>
          <spirit:logicalPort>
            <spirit:name>WREADY</spirit:name>
          </spirit:logicalPort>
          <spirit:physicalPort>
            <spirit:name>s00_axi_wready</spirit:name>
          </spirit:physicalPort>
        </spirit:portMap>
        <spirit:portMap>
          <spirit:logicalPort>
            <spirit:name>BRESP</spirit:name>
          </spirit:logicalPort>
          <spirit:physicalPort>
            <spirit:name>s00_axi_bresp</spirit:name>
          </spirit:physicalPort>
        </spirit:portMap>
        <spirit:portMap>
          <spirit:logicalPort>
            <spirit:name>BVALID</spirit:name>
          </spirit:logicalPort>
          <spirit:physicalPort>
            <spirit:name>s00_axi_bvalid</spirit:name>
          </spirit:physicalPort>
        </spirit:portMap>
        <spirit:portMap>
          <spirit:logicalPort>
            <spirit:name>BREADY</spirit:name>
          </spirit:logicalPort>
          <spirit:physicalPort>
            <spirit:name>s00_axi_bready</spirit:name>
          </spirit:physicalPort>
        </spirit:portMap>
        <spirit:portMap>
          <spirit:logicalPort>
            <spirit:name>ARADDR</spirit:name>
          </spirit:logicalPort>
          <spirit:physicalPort>
            <spirit:name>s00_axi_araddr</spirit:name>
          </spirit:physicalPort>
        </spirit:portMap>
        <spirit:portMap>
          <spirit:logicalPort>
            <spirit:name>ARPROT</spirit:name>
          </spirit:logicalPort>
          <spirit:physicalPort>
            <spirit:name>s00_axi_arprot</spirit:name>
          </spirit:physicalPort>
        </spirit:portMap>
        <spirit:portMap>
          <spirit:logicalPort>
            <spirit:name>ARVALID</spirit:name>
          </spirit:logicalPort>
          <spirit:physicalPort>
            <spirit:name>s00_axi_arvalid</spirit:name>
          </spirit:physicalPort>
        </spirit:portMap>
        <spirit:portMap>
          <spirit:logicalPort>
            <spirit:name>ARREADY</spirit:name>
          </spirit:logicalPort>
          <spirit:physicalPort>
            <spirit:name>s00_axi_arready</spirit:name>
          </spirit:physicalPort>
        </spirit:portMap>
        <spirit:portMap>
          <spirit:logicalPort>
            <spirit:name>RDATA</spirit:name>
          </spirit:logicalPort>
          <spirit:physicalPort>
            <spirit:name>s00_axi_rdata</spirit:name>
          </spirit:physicalPort>
        </spirit:portMap>
        <spirit:portMap>
          <spirit:logicalPort>
            <spirit:name>RRESP</spirit:name>
          </spirit:logicalPort>
          <spirit:physicalPort>
            <spirit:name>s00_axi_rresp</spirit:name>
          </spirit:physicalPort>
        </spirit:portMap>
        <spirit:portMap>
          <spirit:logicalPort>
            <spirit:name>RVALID</spirit:name>
          </spirit:logicalPort>
          <spirit:physicalPort>
            <spirit:name>s00_axi_rvalid</spirit:name>
          </spirit:physicalPort>
        </spirit:portMap>
        <spirit:portMap>
          <spirit:logicalPort>
            <spirit:name>RREADY</spirit:name>
          </spirit:logicalPort>
          <spirit:physicalPort>
            <spirit:name>s00_axi_rready</spirit:name>
          </spirit:physicalPort>
        </spirit:portMap>
      </spirit:portMaps>
      <spirit:parameters>
        <spirit:parameter>
          <spirit:name>WIZ_DATA_WIDTH</spirit:name>
          <spirit:value spirit:format="long" spirit:id="BUSIFPARAM_VALUE.S00_AXI.WIZ_DATA_WIDTH" spirit:choiceRef="choice_list_6fc15197">32</spirit:value>
        </spirit:parameter>
        <spirit:parameter>
          <spirit:name>WIZ_NUM_REG</spirit:name>
          <spirit:value spirit:format="long" spirit:id="BUSIFPARAM_VALUE.S00_AXI.WIZ_NUM_REG" spirit:minimum="4" spirit:maximum="512" spirit:rangeType="long">4</spirit:value>
        </spirit:parameter>
        <spirit:parameter>
          <spirit:name>SUPPORTS_NARROW_BURST</spirit:name>
          <spirit:value spirit:format="long" spirit:id="BUSIFPARAM_VALUE.S00_AXI.SUPPORTS_NARROW_BURST" spirit:choiceRef="choice_pairs_ce1226b1">0</spirit:value>
        </spirit:parameter>
      </spirit:parameters>
    </spirit:busInterface>
    <spirit:busInterface>
      <spirit:name>S00_AXI_RST</spirit:name>
      <spirit:busType spirit:vendor="xilinx.com" spirit:library="signal" spirit:name="reset" spirit:version="1.0"/>
      <spirit:abstractionType spirit:vendor="xilinx.com" spirit:library="signal" spirit:name="reset_rtl" spirit:version="1.0"/>
      <spirit:slave/>
      <spirit:portMaps>
        <spirit:portMap>
          <spirit:logicalPort>
            <spirit:name>RST</spirit:name>
          </spirit:logicalPort>
          <spirit:physicalPort>
            <spirit:name>s00_axi_aresetn</spirit:name>
          </spirit:physicalPort>
        </spirit:portMap>
      </spirit:portMaps>
      <spirit:parameters>
        <spirit:parameter>
          <spirit:name>POLARITY</spirit:name>
          <spirit:value spirit:id="BUSIFPARAM_VALUE.S00_AXI_RST.POLARITY" spirit:choiceRef="choice_list_9d8b0d81">ACTIVE_LOW</spirit:value>
        </spirit:parameter>
      </spirit:parameters>
    </spirit:busInterface>
    <spirit:busInterface>
      <spirit:name>S00_AXI_CLK</spirit:name>
      <spirit:busType spirit:vendor="xilinx.com" spirit:library="signal" spirit:name="clock" spirit:version="1.0"/>
      <spirit:abstractionType spirit:vendor="xilinx.com" spirit:library="signal" spirit:name="clock_rtl" spirit:version="1.0"/>
      <spirit:slave/>
      <spirit:portMaps>
        <spirit:portMap>
          <spirit:logicalPort>
            <spirit:name>CLK</spirit:name>
          </spirit:logicalPort>
          <spirit:physicalPort>
            <spirit:name>s00_axi_aclk</spirit:name>
          </spirit:physicalPort>
        </spirit:portMap>
      </spirit:portMaps>
      <spirit:parameters>
        <spirit:parameter>
          <spirit:name>ASSOCIATED_BUSIF</spirit:name>
          <spirit:value spirit:id="BUSIFPARAM_VALUE.S00_AXI_CLK.ASSOCIATED_BUSIF">S00_AXI</spirit:value>
        </spirit:parameter>
        <spirit:parameter>
          <spirit:name>ASSOCIATED_RESET</spirit:name>
          <spirit:value spirit:id="BUSIFPARAM_VALUE.S00_AXI_CLK.ASSOCIATED_RESET">s00_axi_aresetn</spirit:value>
        </spirit:parameter>
      </spirit:parameters>
    </spirit:busInterface>
  </spirit:busInterfaces>
  <spirit:memoryMaps>
    <spirit:memoryMap>
      <spirit:name>S00_AXI</spirit:name>
      <spirit:addressBlock>
        <spirit:name>S00_AXI_reg</spirit:name>
        <spirit:baseAddress spirit:format="long" spirit:resolve="user">0</spirit:baseAddress>
        <spirit:range spirit:format="long">4096</spirit:range>
        <spirit:width spirit:format="long">32</spirit:width>
        <spirit:usage>register</spirit:usage>
        <spirit:parameters>
          <spirit:parameter>
            <spirit:name>OFFSET_BASE_PARAM</spirit:name>
            <spirit:value spirit:id="ADDRBLOCKPARAM_VALUE.S00_AXI.S00_AXI_REG.OFFSET_BASE_PARAM">C_S00_AXI_BASEADDR</spirit:value>
          </spirit:parameter>
          <spirit:parameter>
            <spirit:name>OFFSET_HIGH_PARAM</spirit:name>
            <spirit:value spirit:id="ADDRBLOCKPARAM_VALUE.S00_AXI.S00_AXI_REG.OFFSET_HIGH_PARAM">C_S00_AXI_HIGHADDR</spirit:value>
          </spirit:parameter>
        </spirit:parameters>
      </spirit:addressBlock>
    </spirit:memoryMap>
  </spirit:memoryMaps>
  <spirit:model>
    <spirit:views>
      <spirit:view>
        <spirit:name>xilinx_verilogsynthesis</spirit:name>
        <spirit:displayName>Verilog Synthesis</spirit:displayName>
        <spirit:envIdentifier>verilogSource:vivado.xilinx.com:synthesis</spirit:envIdentifier>
        <spirit:language>verilog</spirit:language>
        <spirit:modelName>myMotorControl_v1_0</spirit:modelName>
        <spirit:fileSetRef>
          <spirit:localName>xilinx_verilogsynthesis_view_fileset</spirit:localName>
        </spirit:fileSetRef>
        <spirit:parameters>
          <spirit:parameter>
            <spirit:name>viewChecksum</spirit:name>
            <spirit:value>000fa653</spirit:value>
          </spirit:parameter>
        </spirit:parameters>
      </spirit:view>
      <spirit:view>
        <spirit:name>xilinx_verilogbehavioralsimulation</spirit:name>
        <spirit:displayName>Verilog Simulation</spirit:displayName>
        <spirit:envIdentifier>verilogSource:vivado.xilinx.com:simulation</spirit:envIdentifier>
        <spirit:language>verilog</spirit:language>
        <spirit:modelName>myMotorControl_v1_0</spirit:modelName>
        <spirit:fileSetRef>
          <spirit:localName>xilinx_verilogbehavioralsimulation_view_fileset</spirit:localName>
        </spirit:fileSetRef>
        <spirit:parameters>
          <spirit:parameter>
            <spirit:name>viewChecksum</spirit:name>
            <spirit:value>000fa653</spirit:value>
          </spirit:parameter>
        </spirit:parameters>
      </spirit:view>
      <spirit:view>
        <spirit:name>xilinx_softwaredriver</spirit:name>
        <spirit:displayName>Software Driver</spirit:displayName>
        <spirit:envIdentifier>:vivado.xilinx.com:sw.driver</spirit:envIdentifier>
        <spirit:fileSetRef>
          <spirit:localName>xilinx_softwaredriver_view_fileset</spirit:localName>
        </spirit:fileSetRef>
        <spirit:parameters>
          <spirit:parameter>
            <spirit:name>viewChecksum</spirit:name>
            <spirit:value>8ab4292a</spirit:value>
          </spirit:parameter>
        </spirit:parameters>
      </spirit:view>
      <spirit:view>
        <spirit:name>xilinx_xpgui</spirit:name>
        <spirit:displayName>UI Layout</spirit:displayName>
        <spirit:envIdentifier>:vivado.xilinx.com:xgui.ui</spirit:envIdentifier>
        <spirit:fileSetRef>
          <spirit:localName>xilinx_xpgui_view_fileset</spirit:localName>
        </spirit:fileSetRef>
        <spirit:parameters>
          <spirit:parameter>
            <spirit:name>viewChecksum</spirit:name>
            <spirit:value>0e5443b4</spirit:value>
          </spirit:parameter>
        </spirit:parameters>
      </spirit:view>
      <spirit:view>
        <spirit:name>bd_tcl</spirit:name>
        <spirit:displayName>Block Diagram</spirit:displayName>
        <spirit:envIdentifier>:vivado.xilinx.com:block.diagram</spirit:envIdentifier>
        <spirit:fileSetRef>
          <spirit:localName>bd_tcl_view_fileset</spirit:localName>
        </spirit:fileSetRef>
        <spirit:parameters>
          <spirit:parameter>
            <spirit:name>viewChecksum</spirit:name>
            <spirit:value>16328387</spirit:value>
          </spirit:parameter>
        </spirit:parameters>
      </spirit:view>
    </spirit:views>
    <spirit:ports>
      <spirit:port>
        <spirit:name>i_rot_ccw</spirit:name>
        <spirit:wire>
          <spirit:direction>in</spirit:direction>
          <spirit:wireTypeDefs>
            <spirit:wireTypeDef>
              <spirit:typeName>wire</spirit:typeName>
              <spirit:viewNameRef>xilinx_verilogsynthesis</spirit:viewNameRef>
              <spirit:viewNameRef>xilinx_verilogbehavioralsimulation</spirit:viewNameRef>
            </spirit:wireTypeDef>
          </spirit:wireTypeDefs>
        </spirit:wire>
      </spirit:port>
      <spirit:port>
        <spirit:name>i_hall_state</spirit:name>
        <spirit:wire>
          <spirit:direction>in</spirit:direction>
          <spirit:vector>
            <spirit:left spirit:format="long">2</spirit:left>
            <spirit:right spirit:format="long">0</spirit:right>
          </spirit:vector>
          <spirit:wireTypeDefs>
            <spirit:wireTypeDef>
              <spirit:typeName>wire</spirit:typeName>
              <spirit:viewNameRef>xilinx_verilogsynthesis</spirit:viewNameRef>
              <spirit:viewNameRef>xilinx_verilogbehavioralsimulation</spirit:viewNameRef>
            </spirit:wireTypeDef>
          </spirit:wireTypeDefs>
        </spirit:wire>
      </spirit:port>
      <spirit:port>
        <spirit:name>o_U_pos</spirit:name>
        <spirit:wire>
          <spirit:direction>out</spirit:direction>
          <spirit:wireTypeDefs>
            <spirit:wireTypeDef>
              <spirit:typeName>wire</spirit:typeName>
              <spirit:viewNameRef>xilinx_verilogsynthesis</spirit:viewNameRef>
              <spirit:viewNameRef>xilinx_verilogbehavioralsimulation</spirit:viewNameRef>
            </spirit:wireTypeDef>
          </spirit:wireTypeDefs>
        </spirit:wire>
      </spirit:port>
      <spirit:port>
        <spirit:name>o_U_neg</spirit:name>
        <spirit:wire>
          <spirit:direction>out</spirit:direction>
          <spirit:wireTypeDefs>
            <spirit:wireTypeDef>
              <spirit:typeName>wire</spirit:typeName>
              <spirit:viewNameRef>xilinx_verilogsynthesis</spirit:viewNameRef>
              <spirit:viewNameRef>xilinx_verilogbehavioralsimulation</spirit:viewNameRef>
            </spirit:wireTypeDef>
          </spirit:wireTypeDefs>
        </spirit:wire>
      </spirit:port>
      <spirit:port>
        <spirit:name>o_V_pos</spirit:name>
        <spirit:wire>
          <spirit:direction>out</spirit:direction>
          <spirit:wireTypeDefs>
            <spirit:wireTypeDef>
              <spirit:typeName>wire</spirit:typeName>
              <spirit:viewNameRef>xilinx_verilogsynthesis</spirit:viewNameRef>
              <spirit:viewNameRef>xilinx_verilogbehavioralsimulation</spirit:viewNameRef>
            </spirit:wireTypeDef>
          </spirit:wireTypeDefs>
        </spirit:wire>
      </spirit:port>
      <spirit:port>
        <spirit:name>o_V_neg</spirit:name>
        <spirit:wire>
          <spirit:direction>out</spirit:direction>
          <spirit:wireTypeDefs>
            <spirit:wireTypeDef>
              <spirit:typeName>wire</spirit:typeName>
              <spirit:viewNameRef>xilinx_verilogsynthesis</spirit:viewNameRef>
              <spirit:viewNameRef>xilinx_verilogbehavioralsimulation</spirit:viewNameRef>
            </spirit:wireTypeDef>
          </spirit:wireTypeDefs>
        </spirit:wire>
      </spirit:port>
      <spirit:port>
        <spirit:name>o_W_pos</spirit:name>
        <spirit:wire>
          <spirit:direction>out</spirit:direction>
          <spirit:wireTypeDefs>
            <spirit:wireTypeDef>
              <spirit:typeName>wire</spirit:typeName>
              <spirit:viewNameRef>xilinx_verilogsynthesis</spirit:viewNameRef>
              <spirit:viewNameRef>xilinx_verilogbehavioralsimulation</spirit:viewNameRef>
            </spirit:wireTypeDef>
          </spirit:wireTypeDefs>
        </spirit:wire>
      </spirit:port>
      <spirit:port>
        <spirit:name>o_W_neg</spirit:name>
        <spirit:wire>
          <spirit:direction>out</spirit:direction>
          <spirit:wireTypeDefs>
            <spirit:wireTypeDef>
              <spirit:typeName>wire</spirit:typeName>
              <spirit:viewNameRef>xilinx_verilogsynthesis</spirit:viewNameRef>
              <spirit:viewNameRef>xilinx_verilogbehavioralsimulation</spirit:viewNameRef>
            </spirit:wireTypeDef>
          </spirit:wireTypeDefs>
        </spirit:wire>
      </spirit:port>
      <spirit:port>
        <spirit:name>o_get_RPM</spirit:name>
        <spirit:wire>
          <spirit:direction>out</spirit:direction>
          <spirit:wireTypeDefs>
            <spirit:wireTypeDef>
              <spirit:typeName>wire</spirit:typeName>
              <spirit:viewNameRef>xilinx_verilogsynthesis</spirit:viewNameRef>
              <spirit:viewNameRef>xilinx_verilogbehavioralsimulation</spirit:viewNameRef>
            </spirit:wireTypeDef>
          </spirit:wireTypeDefs>
        </spirit:wire>
      </spirit:port>
      <spirit:port>
        <spirit:name>o_hall_one_hot_state</spirit:name>
        <spirit:wire>
          <spirit:direction>out</spirit:direction>
          <spirit:vector>
            <spirit:left spirit:format="long">5</spirit:left>
            <spirit:right spirit:format="long">0</spirit:right>
          </spirit:vector>
          <spirit:wireTypeDefs>
            <spirit:wireTypeDef>
              <spirit:typeName>wire</spirit:typeName>
              <spirit:viewNameRef>xilinx_verilogsynthesis</spirit:viewNameRef>
              <spirit:viewNameRef>xilinx_verilogbehavioralsimulation</spirit:viewNameRef>
            </spirit:wireTypeDef>
          </spirit:wireTypeDefs>
        </spirit:wire>
      </spirit:port>
      <spirit:port>
        <spirit:name>o_seg_7</spirit:name>
        <spirit:wire>
          <spirit:direction>out</spirit:direction>
          <spirit:vector>
            <spirit:left spirit:format="long">7</spirit:left>
            <spirit:right spirit:format="long">0</spirit:right>
          </spirit:vector>
          <spirit:wireTypeDefs>
            <spirit:wireTypeDef>
              <spirit:typeName>wire</spirit:typeName>
              <spirit:viewNameRef>xilinx_verilogsynthesis</spirit:viewNameRef>
              <spirit:viewNameRef>xilinx_verilogbehavioralsimulation</spirit:viewNameRef>
            </spirit:wireTypeDef>
          </spirit:wireTypeDefs>
        </spirit:wire>
      </spirit:port>
      <spirit:port>
        <spirit:name>o_com</spirit:name>
        <spirit:wire>
          <spirit:direction>out</spirit:direction>
          <spirit:vector>
            <spirit:left spirit:format="long">3</spirit:left>
            <spirit:right spirit:format="long">0</spirit:right>
          </spirit:vector>
          <spirit:wireTypeDefs>
            <spirit:wireTypeDef>
              <spirit:typeName>wire</spirit:typeName>
              <spirit:viewNameRef>xilinx_verilogsynthesis</spirit:viewNameRef>
              <spirit:viewNameRef>xilinx_verilogbehavioralsimulation</spirit:viewNameRef>
            </spirit:wireTypeDef>
          </spirit:wireTypeDefs>
        </spirit:wire>
      </spirit:port>
      <spirit:port>
        <spirit:name>s00_axi_aclk</spirit:name>
        <spirit:wire>
          <spirit:direction>in</spirit:direction>
          <spirit:wireTypeDefs>
            <spirit:wireTypeDef>
              <spirit:typeName>wire</spirit:typeName>
              <spirit:viewNameRef>xilinx_verilogsynthesis</spirit:viewNameRef>
              <spirit:viewNameRef>xilinx_verilogbehavioralsimulation</spirit:viewNameRef>
            </spirit:wireTypeDef>
          </spirit:wireTypeDefs>
        </spirit:wire>
      </spirit:port>
      <spirit:port>
        <spirit:name>s00_axi_aresetn</spirit:name>
        <spirit:wire>
          <spirit:direction>in</spirit:direction>
          <spirit:wireTypeDefs>
            <spirit:wireTypeDef>
              <spirit:typeName>wire</spirit:typeName>
              <spirit:viewNameRef>xilinx_verilogsynthesis</spirit:viewNameRef>
              <spirit:viewNameRef>xilinx_verilogbehavioralsimulation</spirit:viewNameRef>
            </spirit:wireTypeDef>
          </spirit:wireTypeDefs>
        </spirit:wire>
      </spirit:port>
      <spirit:port>
        <spirit:name>s00_axi_awaddr</spirit:name>
        <spirit:wire>
          <spirit:direction>in</spirit:direction>
          <spirit:vector>
            <spirit:left spirit:format="long" spirit:resolve="dependent" spirit:dependency="(spirit:decode(id(&apos;MODELPARAM_VALUE.C_S00_AXI_ADDR_WIDTH&apos;)) - 1)">3</spirit:left>
            <spirit:right spirit:format="long">0</spirit:right>
          </spirit:vector>
          <spirit:wireTypeDefs>
            <spirit:wireTypeDef>
              <spirit:typeName>wire</spirit:typeName>
              <spirit:viewNameRef>xilinx_verilogsynthesis</spirit:viewNameRef>
              <spirit:viewNameRef>xilinx_verilogbehavioralsimulation</spirit:viewNameRef>
            </spirit:wireTypeDef>
          </spirit:wireTypeDefs>
        </spirit:wire>
      </spirit:port>
      <spirit:port>
        <spirit:name>s00_axi_awprot</spirit:name>
        <spirit:wire>
          <spirit:direction>in</spirit:direction>
          <spirit:vector>
            <spirit:left spirit:format="long">2</spirit:left>
            <spirit:right spirit:format="long">0</spirit:right>
          </spirit:vector>
          <spirit:wireTypeDefs>
            <spirit:wireTypeDef>
              <spirit:typeName>wire</spirit:typeName>
              <spirit:viewNameRef>xilinx_verilogsynthesis</spirit:viewNameRef>
              <spirit:viewNameRef>xilinx_verilogbehavioralsimulation</spirit:viewNameRef>
            </spirit:wireTypeDef>
          </spirit:wireTypeDefs>
        </spirit:wire>
      </spirit:port>
      <spirit:port>
        <spirit:name>s00_axi_awvalid</spirit:name>
        <spirit:wire>
          <spirit:direction>in</spirit:direction>
          <spirit:wireTypeDefs>
            <spirit:wireTypeDef>
              <spirit:typeName>wire</spirit:typeName>
              <spirit:viewNameRef>xilinx_verilogsynthesis</spirit:viewNameRef>
              <spirit:viewNameRef>xilinx_verilogbehavioralsimulation</spirit:viewNameRef>
            </spirit:wireTypeDef>
          </spirit:wireTypeDefs>
        </spirit:wire>
      </spirit:port>
      <spirit:port>
        <spirit:name>s00_axi_awready</spirit:name>
        <spirit:wire>
          <spirit:direction>out</spirit:direction>
          <spirit:wireTypeDefs>
            <spirit:wireTypeDef>
              <spirit:typeName>wire</spirit:typeName>
              <spirit:viewNameRef>xilinx_verilogsynthesis</spirit:viewNameRef>
              <spirit:viewNameRef>xilinx_verilogbehavioralsimulation</spirit:viewNameRef>
            </spirit:wireTypeDef>
          </spirit:wireTypeDefs>
        </spirit:wire>
      </spirit:port>
      <spirit:port>
        <spirit:name>s00_axi_wdata</spirit:name>
        <spirit:wire>
          <spirit:direction>in</spirit:direction>
          <spirit:vector>
            <spirit:left spirit:format="long" spirit:resolve="dependent" spirit:dependency="(spirit:decode(id(&apos;MODELPARAM_VALUE.C_S00_AXI_DATA_WIDTH&apos;)) - 1)">31</spirit:left>
            <spirit:right spirit:format="long">0</spirit:right>
          </spirit:vector>
          <spirit:wireTypeDefs>
            <spirit:wireTypeDef>
              <spirit:typeName>wire</spirit:typeName>
              <spirit:viewNameRef>xilinx_verilogsynthesis</spirit:viewNameRef>
              <spirit:viewNameRef>xilinx_verilogbehavioralsimulation</spirit:viewNameRef>
            </spirit:wireTypeDef>
          </spirit:wireTypeDefs>
        </spirit:wire>
      </spirit:port>
      <spirit:port>
        <spirit:name>s00_axi_wstrb</spirit:name>
        <spirit:wire>
          <spirit:direction>in</spirit:direction>
          <spirit:vector>
            <spirit:left spirit:format="long" spirit:resolve="dependent" spirit:dependency="((spirit:decode(id(&apos;MODELPARAM_VALUE.C_S00_AXI_DATA_WIDTH&apos;)) / 8) - 1)">3</spirit:left>
            <spirit:right spirit:format="long">0</spirit:right>
          </spirit:vector>
          <spirit:wireTypeDefs>
            <spirit:wireTypeDef>
              <spirit:typeName>wire</spirit:typeName>
              <spirit:viewNameRef>xilinx_verilogsynthesis</spirit:viewNameRef>
              <spirit:viewNameRef>xilinx_verilogbehavioralsimulation</spirit:viewNameRef>
            </spirit:wireTypeDef>
          </spirit:wireTypeDefs>
        </spirit:wire>
      </spirit:port>
      <spirit:port>
        <spirit:name>s00_axi_wvalid</spirit:name>
        <spirit:wire>
          <spirit:direction>in</spirit:direction>
          <spirit:wireTypeDefs>
            <spirit:wireTypeDef>
              <spirit:typeName>wire</spirit:typeName>
              <spirit:viewNameRef>xilinx_verilogsynthesis</spirit:viewNameRef>
              <spirit:viewNameRef>xilinx_verilogbehavioralsimulation</spirit:viewNameRef>
            </spirit:wireTypeDef>
          </spirit:wireTypeDefs>
        </spirit:wire>
      </spirit:port>
      <spirit:port>
        <spirit:name>s00_axi_wready</spirit:name>
        <spirit:wire>
          <spirit:direction>out</spirit:direction>
          <spirit:wireTypeDefs>
            <spirit:wireTypeDef>
              <spirit:typeName>wire</spirit:typeName>
              <spirit:viewNameRef>xilinx_verilogsynthesis</spirit:viewNameRef>
              <spirit:viewNameRef>xilinx_verilogbehavioralsimulation</spirit:viewNameRef>
            </spirit:wireTypeDef>
          </spirit:wireTypeDefs>
        </spirit:wire>
      </spirit:port>
      <spirit:port>
        <spirit:name>s00_axi_bresp</spirit:name>
        <spirit:wire>
          <spirit:direction>out</spirit:direction>
          <spirit:vector>
            <spirit:left spirit:format="long">1</spirit:left>
            <spirit:right spirit:format="long">0</spirit:right>
          </spirit:vector>
          <spirit:wireTypeDefs>
            <spirit:wireTypeDef>
              <spirit:typeName>wire</spirit:typeName>
              <spirit:viewNameRef>xilinx_verilogsynthesis</spirit:viewNameRef>
              <spirit:viewNameRef>xilinx_verilogbehavioralsimulation</spirit:viewNameRef>
            </spirit:wireTypeDef>
          </spirit:wireTypeDefs>
        </spirit:wire>
      </spirit:port>
      <spirit:port>
        <spirit:name>s00_axi_bvalid</spirit:name>
        <spirit:wire>
          <spirit:direction>out</spirit:direction>
          <spirit:wireTypeDefs>
            <spirit:wireTypeDef>
              <spirit:typeName>wire</spirit:typeName>
              <spirit:viewNameRef>xilinx_verilogsynthesis</spirit:viewNameRef>
              <spirit:viewNameRef>xilinx_verilogbehavioralsimulation</spirit:viewNameRef>
            </spirit:wireTypeDef>
          </spirit:wireTypeDefs>
        </spirit:wire>
      </spirit:port>
      <spirit:port>
        <spirit:name>s00_axi_bready</spirit:name>
        <spirit:wire>
          <spirit:direction>in</spirit:direction>
          <spirit:wireTypeDefs>
            <spirit:wireTypeDef>
              <spirit:typeName>wire</spirit:typeName>
              <spirit:viewNameRef>xilinx_verilogsynthesis</spirit:viewNameRef>
              <spirit:viewNameRef>xilinx_verilogbehavioralsimulation</spirit:viewNameRef>
            </spirit:wireTypeDef>
          </spirit:wireTypeDefs>
        </spirit:wire>
      </spirit:port>
      <spirit:port>
        <spirit:name>s00_axi_araddr</spirit:name>
        <spirit:wire>
          <spirit:direction>in</spirit:direction>
          <spirit:vector>
            <spirit:left spirit:format="long" spirit:resolve="dependent" spirit:dependency="(spirit:decode(id(&apos;MODELPARAM_VALUE.C_S00_AXI_ADDR_WIDTH&apos;)) - 1)">3</spirit:left>
            <spirit:right spirit:format="long">0</spirit:right>
          </spirit:vector>
          <spirit:wireTypeDefs>
            <spirit:wireTypeDef>
              <spirit:typeName>wire</spirit:typeName>
              <spirit:viewNameRef>xilinx_verilogsynthesis</spirit:viewNameRef>
              <spirit:viewNameRef>xilinx_verilogbehavioralsimulation</spirit:viewNameRef>
            </spirit:wireTypeDef>
          </spirit:wireTypeDefs>
        </spirit:wire>
      </spirit:port>
      <spirit:port>
        <spirit:name>s00_axi_arprot</spirit:name>
        <spirit:wire>
          <spirit:direction>in</spirit:direction>
          <spirit:vector>
            <spirit:left spirit:format="long">2</spirit:left>
            <spirit:right spirit:format="long">0</spirit:right>
          </spirit:vector>
          <spirit:wireTypeDefs>
            <spirit:wireTypeDef>
              <spirit:typeName>wire</spirit:typeName>
              <spirit:viewNameRef>xilinx_verilogsynthesis</spirit:viewNameRef>
              <spirit:viewNameRef>xilinx_verilogbehavioralsimulation</spirit:viewNameRef>
            </spirit:wireTypeDef>
          </spirit:wireTypeDefs>
        </spirit:wire>
      </spirit:port>
      <spirit:port>
        <spirit:name>s00_axi_arvalid</spirit:name>
        <spirit:wire>
          <spirit:direction>in</spirit:direction>
          <spirit:wireTypeDefs>
            <spirit:wireTypeDef>
              <spirit:typeName>wire</spirit:typeName>
              <spirit:viewNameRef>xilinx_verilogsynthesis</spirit:viewNameRef>
              <spirit:viewNameRef>xilinx_verilogbehavioralsimulation</spirit:viewNameRef>
            </spirit:wireTypeDef>
          </spirit:wireTypeDefs>
        </spirit:wire>
      </spirit:port>
      <spirit:port>
        <spirit:name>s00_axi_arready</spirit:name>
        <spirit:wire>
          <spirit:direction>out</spirit:direction>
          <spirit:wireTypeDefs>
            <spirit:wireTypeDef>
              <spirit:typeName>wire</spirit:typeName>
              <spirit:viewNameRef>xilinx_verilogsynthesis</spirit:viewNameRef>
              <spirit:viewNameRef>xilinx_verilogbehavioralsimulation</spirit:viewNameRef>
            </spirit:wireTypeDef>
          </spirit:wireTypeDefs>
        </spirit:wire>
      </spirit:port>
      <spirit:port>
        <spirit:name>s00_axi_rdata</spirit:name>
        <spirit:wire>
          <spirit:direction>out</spirit:direction>
          <spirit:vector>
            <spirit:left spirit:format="long" spirit:resolve="dependent" spirit:dependency="(spirit:decode(id(&apos;MODELPARAM_VALUE.C_S00_AXI_DATA_WIDTH&apos;)) - 1)">31</spirit:left>
            <spirit:right spirit:format="long">0</spirit:right>
          </spirit:vector>
          <spirit:wireTypeDefs>
            <spirit:wireTypeDef>
              <spirit:typeName>wire</spirit:typeName>
              <spirit:viewNameRef>xilinx_verilogsynthesis</spirit:viewNameRef>
              <spirit:viewNameRef>xilinx_verilogbehavioralsimulation</spirit:viewNameRef>
            </spirit:wireTypeDef>
          </spirit:wireTypeDefs>
        </spirit:wire>
      </spirit:port>
      <spirit:port>
        <spirit:name>s00_axi_rresp</spirit:name>
        <spirit:wire>
          <spirit:direction>out</spirit:direction>
          <spirit:vector>
            <spirit:left spirit:format="long">1</spirit:left>
            <spirit:right spirit:format="long">0</spirit:right>
          </spirit:vector>
          <spirit:wireTypeDefs>
            <spirit:wireTypeDef>
              <spirit:typeName>wire</spirit:typeName>
              <spirit:viewNameRef>xilinx_verilogsynthesis</spirit:viewNameRef>
              <spirit:viewNameRef>xilinx_verilogbehavioralsimulation</spirit:viewNameRef>
            </spirit:wireTypeDef>
          </spirit:wireTypeDefs>
        </spirit:wire>
      </spirit:port>
      <spirit:port>
        <spirit:name>s00_axi_rvalid</spirit:name>
        <spirit:wire>
          <spirit:direction>out</spirit:direction>
          <spirit:wireTypeDefs>
            <spirit:wireTypeDef>
              <spirit:typeName>wire</spirit:typeName>
              <spirit:viewNameRef>xilinx_verilogsynthesis</spirit:viewNameRef>
              <spirit:viewNameRef>xilinx_verilogbehavioralsimulation</spirit:viewNameRef>
            </spirit:wireTypeDef>
          </spirit:wireTypeDefs>
        </spirit:wire>
      </spirit:port>
      <spirit:port>
        <spirit:name>s00_axi_rready</spirit:name>
        <spirit:wire>
          <spirit:direction>in</spirit:direction>
          <spirit:wireTypeDefs>
            <spirit:wireTypeDef>
              <spirit:typeName>wire</spirit:typeName>
              <spirit:viewNameRef>xilinx_verilogsynthesis</spirit:viewNameRef>
              <spirit:viewNameRef>xilinx_verilogbehavioralsimulation</spirit:viewNameRef>
            </spirit:wireTypeDef>
          </spirit:wireTypeDefs>
        </spirit:wire>
      </spirit:port>
    </spirit:ports>
    <spirit:modelParameters>
      <spirit:modelParameter xsi:type="spirit:nameValueTypeType" spirit:dataType="integer">
        <spirit:name>C_S00_AXI_DATA_WIDTH</spirit:name>
        <spirit:displayName>C S00 AXI DATA WIDTH</spirit:displayName>
        <spirit:description>Width of S_AXI data bus</spirit:description>
        <spirit:value spirit:format="long" spirit:resolve="generated" spirit:id="MODELPARAM_VALUE.C_S00_AXI_DATA_WIDTH" spirit:order="3" spirit:rangeType="long">32</spirit:value>
      </spirit:modelParameter>
      <spirit:modelParameter spirit:dataType="integer">
        <spirit:name>C_S00_AXI_ADDR_WIDTH</spirit:name>
        <spirit:displayName>C S00 AXI ADDR WIDTH</spirit:displayName>
        <spirit:description>Width of S_AXI address bus</spirit:description>
        <spirit:value spirit:format="long" spirit:resolve="generated" spirit:id="MODELPARAM_VALUE.C_S00_AXI_ADDR_WIDTH" spirit:order="4" spirit:rangeType="long">4</spirit:value>
      </spirit:modelParameter>
    </spirit:modelParameters>
  </spirit:model>
  <spirit:choices>
    <spirit:choice>
      <spirit:name>choice_list_6fc15197</spirit:name>
      <spirit:enumeration>32</spirit:enumeration>
    </spirit:choice>
    <spirit:choice>
      <spirit:name>choice_list_9d8b0d81</spirit:name>
      <spirit:enumeration>ACTIVE_HIGH</spirit:enumeration>
      <spirit:enumeration>ACTIVE_LOW</spirit:enumeration>
    </spirit:choice>
    <spirit:choice>
      <spirit:name>choice_pairs_ce1226b1</spirit:name>
      <spirit:enumeration spirit:text="true">1</spirit:enumeration>
      <spirit:enumeration spirit:text="false">0</spirit:enumeration>
    </spirit:choice>
  </spirit:choices>
  <spirit:fileSets>
    <spirit:fileSet>
      <spirit:name>xilinx_verilogsynthesis_view_fileset</spirit:name>
      <spirit:file>
        <spirit:name>hdl/Motor_Control.v</spirit:name>
        <spirit:fileType>verilogSource</spirit:fileType>
      </spirit:file>
      <spirit:file>
        <spirit:name>src/controler.v</spirit:name>
        <spirit:fileType>verilogSource</spirit:fileType>
      </spirit:file>
      <spirit:file>
        <spirit:name>src/exam01_combinational_logic.v</spirit:name>
        <spirit:fileType>verilogSource</spirit:fileType>
      </spirit:file>
      <spirit:file>
        <spirit:name>src/exam02_sequential_logic.v</spirit:name>
        <spirit:fileType>verilogSource</spirit:fileType>
      </spirit:file>
      <spirit:file>
        <spirit:name>hdl/myMotorControl_v1_0_S00_AXI.v</spirit:name>
        <spirit:fileType>verilogSource</spirit:fileType>
      </spirit:file>
      <spirit:file>
        <spirit:name>hdl/myMotorControl_v1_0.v</spirit:name>
        <spirit:fileType>verilogSource</spirit:fileType>
        <spirit:userFileType>CHECKSUM_9d441480</spirit:userFileType>
      </spirit:file>
    </spirit:fileSet>
    <spirit:fileSet>
      <spirit:name>xilinx_verilogbehavioralsimulation_view_fileset</spirit:name>
      <spirit:file>
        <spirit:name>hdl/Motor_Control.v</spirit:name>
        <spirit:fileType>verilogSource</spirit:fileType>
      </spirit:file>
      <spirit:file>
        <spirit:name>src/controler.v</spirit:name>
        <spirit:fileType>verilogSource</spirit:fileType>
      </spirit:file>
      <spirit:file>
        <spirit:name>src/exam01_combinational_logic.v</spirit:name>
        <spirit:fileType>verilogSource</spirit:fileType>
      </spirit:file>
      <spirit:file>
        <spirit:name>src/exam02_sequential_logic.v</spirit:name>
        <spirit:fileType>verilogSource</spirit:fileType>
      </spirit:file>
      <spirit:file>
        <spirit:name>hdl/myMotorControl_v1_0_S00_AXI.v</spirit:name>
        <spirit:fileType>verilogSource</spirit:fileType>
      </spirit:file>
      <spirit:file>
        <spirit:name>hdl/myMotorControl_v1_0.v</spirit:name>
        <spirit:fileType>verilogSource</spirit:fileType>
      </spirit:file>
    </spirit:fileSet>
    <spirit:fileSet>
      <spirit:name>xilinx_softwaredriver_view_fileset</spirit:name>
      <spirit:file>
        <spirit:name>drivers/myMotorControl_v1_0/data/myMotorControl.mdd</spirit:name>
        <spirit:userFileType>mdd</spirit:userFileType>
        <spirit:userFileType>driver_mdd</spirit:userFileType>
      </spirit:file>
      <spirit:file>
        <spirit:name>drivers/myMotorControl_v1_0/data/myMotorControl.tcl</spirit:name>
        <spirit:fileType>tclSource</spirit:fileType>
        <spirit:userFileType>driver_tcl</spirit:userFileType>
      </spirit:file>
      <spirit:file>
        <spirit:name>drivers/myMotorControl_v1_0/src/Makefile</spirit:name>
        <spirit:userFileType>driver_src</spirit:userFileType>
      </spirit:file>
      <spirit:file>
        <spirit:name>drivers/myMotorControl_v1_0/src/myMotorControl.h</spirit:name>
        <spirit:fileType>cSource</spirit:fileType>
        <spirit:userFileType>driver_src</spirit:userFileType>
      </spirit:file>
      <spirit:file>
        <spirit:name>drivers/myMotorControl_v1_0/src/myMotorControl.c</spirit:name>
        <spirit:fileType>cSource</spirit:fileType>
        <spirit:userFileType>driver_src</spirit:userFileType>
      </spirit:file>
      <spirit:file>
        <spirit:name>drivers/myMotorControl_v1_0/src/myMotorControl_selftest.c</spirit:name>
        <spirit:fileType>cSource</spirit:fileType>
        <spirit:userFileType>driver_src</spirit:userFileType>
      </spirit:file>
    </spirit:fileSet>
    <spirit:fileSet>
      <spirit:name>xilinx_xpgui_view_fileset</spirit:name>
      <spirit:file>
        <spirit:name>xgui/myMotorControl_v1_0.tcl</spirit:name>
        <spirit:fileType>tclSource</spirit:fileType>
        <spirit:userFileType>CHECKSUM_0e5443b4</spirit:userFileType>
        <spirit:userFileType>XGUI_VERSION_2</spirit:userFileType>
      </spirit:file>
    </spirit:fileSet>
    <spirit:fileSet>
      <spirit:name>bd_tcl_view_fileset</spirit:name>
      <spirit:file>
        <spirit:name>bd/bd.tcl</spirit:name>
        <spirit:fileType>tclSource</spirit:fileType>
      </spirit:file>
    </spirit:fileSet>
  </spirit:fileSets>
  <spirit:description>My new AXI IP</spirit:description>
  <spirit:parameters>
    <spirit:parameter>
      <spirit:name>C_S00_AXI_DATA_WIDTH</spirit:name>
      <spirit:displayName>C S00 AXI DATA WIDTH</spirit:displayName>
      <spirit:description>Width of S_AXI data bus</spirit:description>
      <spirit:value spirit:format="long" spirit:resolve="user" spirit:id="PARAM_VALUE.C_S00_AXI_DATA_WIDTH" spirit:choiceRef="choice_list_6fc15197" spirit:order="3">32</spirit:value>
      <spirit:vendorExtensions>
        <xilinx:parameterInfo>
          <xilinx:enablement>
            <xilinx:isEnabled xilinx:id="PARAM_ENABLEMENT.C_S00_AXI_DATA_WIDTH">false</xilinx:isEnabled>
          </xilinx:enablement>
        </xilinx:parameterInfo>
      </spirit:vendorExtensions>
    </spirit:parameter>
    <spirit:parameter>
      <spirit:name>C_S00_AXI_ADDR_WIDTH</spirit:name>
      <spirit:displayName>C S00 AXI ADDR WIDTH</spirit:displayName>
      <spirit:description>Width of S_AXI address bus</spirit:description>
      <spirit:value spirit:format="long" spirit:resolve="user" spirit:id="PARAM_VALUE.C_S00_AXI_ADDR_WIDTH" spirit:order="4" spirit:rangeType="long">4</spirit:value>
      <spirit:vendorExtensions>
        <xilinx:parameterInfo>
          <xilinx:enablement>
            <xilinx:isEnabled xilinx:id="PARAM_ENABLEMENT.C_S00_AXI_ADDR_WIDTH">false</xilinx:isEnabled>
          </xilinx:enablement>
        </xilinx:parameterInfo>
      </spirit:vendorExtensions>
    </spirit:parameter>
    <spirit:parameter>
      <spirit:name>C_S00_AXI_BASEADDR</spirit:name>
      <spirit:displayName>C S00 AXI BASEADDR</spirit:displayName>
      <spirit:value spirit:format="bitString" spirit:resolve="user" spirit:id="PARAM_VALUE.C_S00_AXI_BASEADDR" spirit:order="5" spirit:bitStringLength="32">0xFFFFFFFF</spirit:value>
      <spirit:vendorExtensions>
        <xilinx:parameterInfo>
          <xilinx:enablement>
            <xilinx:isEnabled xilinx:id="PARAM_ENABLEMENT.C_S00_AXI_BASEADDR">false</xilinx:isEnabled>
          </xilinx:enablement>
        </xilinx:parameterInfo>
      </spirit:vendorExtensions>
    </spirit:parameter>
    <spirit:parameter>
      <spirit:name>C_S00_AXI_HIGHADDR</spirit:name>
      <spirit:displayName>C S00 AXI HIGHADDR</spirit:displayName>
      <spirit:value spirit:format="bitString" spirit:resolve="user" spirit:id="PARAM_VALUE.C_S00_AXI_HIGHADDR" spirit:order="6" spirit:bitStringLength="32">0x00000000</spirit:value>
      <spirit:vendorExtensions>
        <xilinx:parameterInfo>
          <xilinx:enablement>
            <xilinx:isEnabled xilinx:id="PARAM_ENABLEMENT.C_S00_AXI_HIGHADDR">false</xilinx:isEnabled>
          </xilinx:enablement>
        </xilinx:parameterInfo>
      </spirit:vendorExtensions>
    </spirit:parameter>
    <spirit:parameter>
      <spirit:name>Component_Name</spirit:name>
      <spirit:value spirit:resolve="user" spirit:id="PARAM_VALUE.Component_Name" spirit:order="1">myMotorControl_v1_0</spirit:value>
    </spirit:parameter>
  </spirit:parameters>
  <spirit:vendorExtensions>
    <xilinx:coreExtensions>
      <xilinx:supportedFamilies>
        <xilinx:family xilinx:lifeCycle="Pre-Production">artix7</xilinx:family>
      </xilinx:supportedFamilies>
      <xilinx:taxonomies>
        <xilinx:taxonomy>AXI_Peripheral</xilinx:taxonomy>
      </xilinx:taxonomies>
      <xilinx:displayName>myMotorControl_v1.0</xilinx:displayName>
      <xilinx:coreRevision>8</xilinx:coreRevision>
      <xilinx:coreCreationDateTime>2024-10-07T07:43:42Z</xilinx:coreCreationDateTime>
      <xilinx:tags>
        <xilinx:tag xilinx:name="ui.data.coregen.dd@613e5469_ARCHIVE_LOCATION">c:/work/Harman_4_LJP/Basys3/ip_repo/myMotorControl_1.0</xilinx:tag>
        <xilinx:tag xilinx:name="ui.data.coregen.dd@6fddea4a_ARCHIVE_LOCATION">c:/work/Harman_4_LJP/Basys3/ip_repo/myMotorControl_1.0</xilinx:tag>
        <xilinx:tag xilinx:name="ui.data.coregen.dd@5aa3f9bc_ARCHIVE_LOCATION">c:/work/Harman_4_LJP/Basys3/ip_repo/myMotorControl_1.0</xilinx:tag>
        <xilinx:tag xilinx:name="ui.data.coregen.dd@45407d33_ARCHIVE_LOCATION">c:/work/Harman_4_LJP/Basys3/ip_repo/myMotorControl_1.0</xilinx:tag>
        <xilinx:tag xilinx:name="ui.data.coregen.dd@5c1786c7_ARCHIVE_LOCATION">c:/work/Harman_4_LJP/Basys3/ip_repo/myMotorControl_1.0</xilinx:tag>
        <xilinx:tag xilinx:name="ui.data.coregen.dd@17fd612_ARCHIVE_LOCATION">c:/work/Harman_4_LJP/Basys3/ip_repo/myMotorControl_1.0</xilinx:tag>
        <xilinx:tag xilinx:name="ui.data.coregen.dd@593b53e2_ARCHIVE_LOCATION">c:/work/Harman_4_LJP/Basys3/ip_repo/myMotorControl_1.0</xilinx:tag>
        <xilinx:tag xilinx:name="ui.data.coregen.dd@33495a85_ARCHIVE_LOCATION">c:/work/Harman_4_LJP/Basys3/ip_repo/myMotorControl_1.0</xilinx:tag>
        <xilinx:tag xilinx:name="ui.data.coregen.dd@46dea8f2_ARCHIVE_LOCATION">c:/work/Harman_4_LJP/Basys3/ip_repo/myMotorControl_1.0</xilinx:tag>
        <xilinx:tag xilinx:name="ui.data.coregen.dd@311659e8_ARCHIVE_LOCATION">c:/work/Harman_4_LJP/Basys3/ip_repo/myMotorControl_1.0</xilinx:tag>
        <xilinx:tag xilinx:name="ui.data.coregen.dd@22e66f86_ARCHIVE_LOCATION">c:/work/Harman_4_LJP/Basys3/ip_repo/myMotorControl_1.0</xilinx:tag>
        <xilinx:tag xilinx:name="ui.data.coregen.dd@fefe8a2_ARCHIVE_LOCATION">c:/work/Harman_4_LJP/Basys3/ip_repo/myMotorControl_1.0</xilinx:tag>
        <xilinx:tag xilinx:name="ui.data.coregen.dd@3d687673_ARCHIVE_LOCATION">c:/work/Harman_4_LJP/Basys3/ip_repo/myMotorControl_1.0</xilinx:tag>
        <xilinx:tag xilinx:name="ui.data.coregen.dd@5a934830_ARCHIVE_LOCATION">c:/work/Harman_4_LJP/Basys3/ip_repo/myMotorControl_1.0</xilinx:tag>
        <xilinx:tag xilinx:name="ui.data.coregen.dd@1f988b4b_ARCHIVE_LOCATION">c:/work/Harman_4_LJP/Basys3/ip_repo/myMotorControl_1.0</xilinx:tag>
        <xilinx:tag xilinx:name="ui.data.coregen.dd@3ec444d0_ARCHIVE_LOCATION">c:/work/Harman_4_LJP/Basys3/ip_repo/myMotorControl_1.0</xilinx:tag>
        <xilinx:tag xilinx:name="ui.data.coregen.dd@736e4a1f_ARCHIVE_LOCATION">c:/work/Harman_4_LJP/Basys3/ip_repo/myMotorControl_1.0</xilinx:tag>
        <xilinx:tag xilinx:name="ui.data.coregen.dd@6bbf6227_ARCHIVE_LOCATION">c:/work/Harman_4_LJP/Basys3/ip_repo/myMotorControl_1.0</xilinx:tag>
        <xilinx:tag xilinx:name="ui.data.coregen.dd@7308e902_ARCHIVE_LOCATION">c:/work/Harman_4_LJP/Basys3/ip_repo/myMotorControl_1.0</xilinx:tag>
        <xilinx:tag xilinx:name="ui.data.coregen.dd@4a1d52ae_ARCHIVE_LOCATION">c:/work/Harman_4_LJP/Basys3/ip_repo/myMotorControl_1.0</xilinx:tag>
        <xilinx:tag xilinx:name="ui.data.coregen.dd@79feb13e_ARCHIVE_LOCATION">c:/work/Harman_4_LJP/Basys3/ip_repo/myMotorControl_1.0</xilinx:tag>
        <xilinx:tag xilinx:name="ui.data.coregen.dd@ea21a71_ARCHIVE_LOCATION">c:/work/Harman_4_LJP/Basys3/ip_repo/myMotorControl_1.0</xilinx:tag>
        <xilinx:tag xilinx:name="ui.data.coregen.dd@1738e568_ARCHIVE_LOCATION">c:/work/Harman_4_LJP/Basys3/ip_repo/myMotorControl_1.0</xilinx:tag>
        <xilinx:tag xilinx:name="ui.data.coregen.dd@7e9cfdd0_ARCHIVE_LOCATION">c:/work/Harman_4_LJP/Basys3/ip_repo/myMotorControl_1.0</xilinx:tag>
        <xilinx:tag xilinx:name="ui.data.coregen.dd@170e37f6_ARCHIVE_LOCATION">c:/work/Harman_4_LJP/Basys3/ip_repo/myMotorControl_1.0</xilinx:tag>
        <xilinx:tag xilinx:name="ui.data.coregen.dd@2ba82e3d_ARCHIVE_LOCATION">c:/work/Harman_4_LJP/Basys3/ip_repo/myMotorControl_1.0</xilinx:tag>
        <xilinx:tag xilinx:name="ui.data.coregen.dd@4a08d38f_ARCHIVE_LOCATION">c:/work/Harman_4_LJP/Basys3/ip_repo/myMotorControl_1.0</xilinx:tag>
        <xilinx:tag xilinx:name="ui.data.coregen.dd@2025a39a_ARCHIVE_LOCATION">c:/work/Harman_4_LJP/Basys3/ip_repo/myMotorControl_1.0</xilinx:tag>
        <xilinx:tag xilinx:name="ui.data.coregen.dd@5d2f8333_ARCHIVE_LOCATION">c:/work/Harman_4_LJP/Basys3/ip_repo/myMotorControl_1.0</xilinx:tag>
        <xilinx:tag xilinx:name="ui.data.coregen.dd@7b545bb8_ARCHIVE_LOCATION">c:/work/Harman_4_LJP/Basys3/ip_repo/myMotorControl_1.0</xilinx:tag>
        <xilinx:tag xilinx:name="ui.data.coregen.dd@12ac2fa4_ARCHIVE_LOCATION">c:/work/Harman_4_LJP/Basys3/ip_repo/myMotorControl_1.0</xilinx:tag>
        <xilinx:tag xilinx:name="ui.data.coregen.dd@46eb466f_ARCHIVE_LOCATION">c:/work/Harman_4_LJP/Basys3/ip_repo/myMotorControl_1.0</xilinx:tag>
        <xilinx:tag xilinx:name="ui.data.coregen.dd@662bde06_ARCHIVE_LOCATION">c:/work/Harman_4_LJP/Basys3/ip_repo/myMotorControl_1.0</xilinx:tag>
        <xilinx:tag xilinx:name="ui.data.coregen.dd@515d1e9f_ARCHIVE_LOCATION">c:/work/Harman_4_LJP/Basys3/ip_repo/myMotorControl_1.0</xilinx:tag>
        <xilinx:tag xilinx:name="ui.data.coregen.dd@43488f7f_ARCHIVE_LOCATION">c:/work/Harman_4_LJP/Basys3/ip_repo/myMotorControl_1.0</xilinx:tag>
        <xilinx:tag xilinx:name="ui.data.coregen.dd@57202b33_ARCHIVE_LOCATION">c:/work/Harman_4_LJP/Basys3/ip_repo/myMotorControl_1.0</xilinx:tag>
        <xilinx:tag xilinx:name="ui.data.coregen.dd@73b1acb3_ARCHIVE_LOCATION">c:/work/Harman_4_LJP/Basys3/ip_repo/myMotorControl_1.0</xilinx:tag>
        <xilinx:tag xilinx:name="ui.data.coregen.dd@473cdd61_ARCHIVE_LOCATION">c:/work/Harman_4_LJP/Basys3/ip_repo/myMotorControl_1.0</xilinx:tag>
        <xilinx:tag xilinx:name="ui.data.coregen.dd@4ea378d1_ARCHIVE_LOCATION">c:/work/Harman_4_LJP/Basys3/ip_repo/myMotorControl_1.0</xilinx:tag>
        <xilinx:tag xilinx:name="ui.data.coregen.dd@1896655_ARCHIVE_LOCATION">c:/work/Harman_4_LJP/Basys3/ip_repo/myMotorControl_1.0</xilinx:tag>
        <xilinx:tag xilinx:name="ui.data.coregen.dd@77575562_ARCHIVE_LOCATION">c:/work/Harman_4_LJP/Basys3/ip_repo/myMotorControl_1.0</xilinx:tag>
        <xilinx:tag xilinx:name="ui.data.coregen.dd@33fc9f3b_ARCHIVE_LOCATION">c:/work/Harman_4_LJP/Basys3/ip_repo/myMotorControl_1.0</xilinx:tag>
        <xilinx:tag xilinx:name="ui.data.coregen.dd@2d8ea696_ARCHIVE_LOCATION">c:/work/Harman_4_LJP/Basys3/ip_repo/myMotorControl_1.0</xilinx:tag>
        <xilinx:tag xilinx:name="ui.data.coregen.dd@1bc4dec5_ARCHIVE_LOCATION">c:/work/Harman_4_LJP/Basys3/ip_repo/myMotorControl_1.0</xilinx:tag>
        <xilinx:tag xilinx:name="ui.data.coregen.dd@e854d3d_ARCHIVE_LOCATION">c:/work/Harman_4_LJP/Basys3/ip_repo/myMotorControl_1.0</xilinx:tag>
        <xilinx:tag xilinx:name="ui.data.coregen.dd@96a3328_ARCHIVE_LOCATION">c:/work/Harman_4_LJP/Basys3/ip_repo/myMotorControl_1.0</xilinx:tag>
        <xilinx:tag xilinx:name="ui.data.coregen.dd@734bb5e2_ARCHIVE_LOCATION">c:/work/Harman_4_LJP/Basys3/ip_repo/myMotorControl_1.0</xilinx:tag>
        <xilinx:tag xilinx:name="ui.data.coregen.dd@422371db_ARCHIVE_LOCATION">c:/work/Harman_4_LJP/Basys3/ip_repo/myMotorControl_1.0</xilinx:tag>
        <xilinx:tag xilinx:name="ui.data.coregen.dd@7d423776_ARCHIVE_LOCATION">c:/work/Harman_4_LJP/Basys3/ip_repo/myMotorControl_1.0</xilinx:tag>
        <xilinx:tag xilinx:name="ui.data.coregen.dd@58c0c6d9_ARCHIVE_LOCATION">c:/work/Harman_4_LJP/Basys3/ip_repo/myMotorControl_1.0</xilinx:tag>
        <xilinx:tag xilinx:name="ui.data.coregen.dd@26bf4101_ARCHIVE_LOCATION">c:/work/Harman_4_LJP/Basys3/ip_repo/myMotorControl_1.0</xilinx:tag>
        <xilinx:tag xilinx:name="ui.data.coregen.dd@39a7fc09_ARCHIVE_LOCATION">c:/work/Harman_4_LJP/Basys3/ip_repo/myMotorControl_1.0</xilinx:tag>
        <xilinx:tag xilinx:name="ui.data.coregen.dd@449a917d_ARCHIVE_LOCATION">c:/work/Harman_4_LJP/Basys3/ip_repo/myMotorControl_1.0</xilinx:tag>
        <xilinx:tag xilinx:name="ui.data.coregen.dd@190969f7_ARCHIVE_LOCATION">c:/work/Harman_4_LJP/Basys3/ip_repo/myMotorControl_1.0</xilinx:tag>
        <xilinx:tag xilinx:name="ui.data.coregen.dd@3613169e_ARCHIVE_LOCATION">c:/work/Harman_4_LJP/Basys3/ip_repo/myMotorControl_1.0</xilinx:tag>
        <xilinx:tag xilinx:name="ui.data.coregen.dd@49bf2d4f_ARCHIVE_LOCATION">c:/work/Harman_4_LJP/Basys3/ip_repo/myMotorControl_1.0</xilinx:tag>
        <xilinx:tag xilinx:name="ui.data.coregen.dd@4562dea2_ARCHIVE_LOCATION">c:/work/Harman_4_LJP/Basys3/ip_repo/myMotorControl_1.0</xilinx:tag>
        <xilinx:tag xilinx:name="ui.data.coregen.dd@1673c0d0_ARCHIVE_LOCATION">c:/work/Harman_4_LJP/Basys3/ip_repo/myMotorControl_1.0</xilinx:tag>
        <xilinx:tag xilinx:name="ui.data.coregen.dd@3b0f4c96_ARCHIVE_LOCATION">c:/work/Harman_4_LJP/Basys3/ip_repo/myMotorControl_1.0</xilinx:tag>
        <xilinx:tag xilinx:name="ui.data.coregen.dd@18d31c1e_ARCHIVE_LOCATION">c:/work/Harman_4_LJP/Basys3/ip_repo/myMotorControl_1.0</xilinx:tag>
        <xilinx:tag xilinx:name="ui.data.coregen.dd@7c95927f_ARCHIVE_LOCATION">c:/work/Harman_4_LJP/Basys3/ip_repo/myMotorControl_1.0</xilinx:tag>
        <xilinx:tag xilinx:name="ui.data.coregen.dd@4829b6d0_ARCHIVE_LOCATION">c:/work/Harman_4_LJP/Basys3/ip_repo/myMotorControl_1.0</xilinx:tag>
        <xilinx:tag xilinx:name="ui.data.coregen.dd@3202a831_ARCHIVE_LOCATION">c:/work/Harman_4_LJP/Basys3/ip_repo/myMotorControl_1.0</xilinx:tag>
        <xilinx:tag xilinx:name="ui.data.coregen.dd@5cfe9ce3_ARCHIVE_LOCATION">c:/work/Harman_4_LJP/Basys3/ip_repo/myMotorControl_1.0</xilinx:tag>
        <xilinx:tag xilinx:name="ui.data.coregen.dd@757b9571_ARCHIVE_LOCATION">c:/work/Harman_4_LJP/Basys3/ip_repo/myMotorControl_1.0</xilinx:tag>
        <xilinx:tag xilinx:name="ui.data.coregen.dd@308f90a8_ARCHIVE_LOCATION">c:/work/Harman_4_LJP/Basys3/ip_repo/myMotorControl_1.0</xilinx:tag>
        <xilinx:tag xilinx:name="ui.data.coregen.dd@6a9f66df_ARCHIVE_LOCATION">c:/work/Harman_4_LJP/Basys3/ip_repo/myMotorControl_1.0</xilinx:tag>
        <xilinx:tag xilinx:name="ui.data.coregen.dd@4daf3875_ARCHIVE_LOCATION">c:/work/Harman_4_LJP/Basys3/ip_repo/myMotorControl_1.0</xilinx:tag>
        <xilinx:tag xilinx:name="ui.data.coregen.dd@35180b32_ARCHIVE_LOCATION">c:/work/Harman_4_LJP/Basys3/ip_repo/myMotorControl_1.0</xilinx:tag>
        <xilinx:tag xilinx:name="ui.data.coregen.dd@74327959_ARCHIVE_LOCATION">c:/work/Harman_4_LJP/Basys3/ip_repo/myMotorControl_1.0</xilinx:tag>
        <xilinx:tag xilinx:name="ui.data.coregen.dd@4f48a7b9_ARCHIVE_LOCATION">c:/work/Harman_4_LJP/Basys3/ip_repo/myMotorControl_1.0</xilinx:tag>
        <xilinx:tag xilinx:name="ui.data.coregen.dd@3cfc8570_ARCHIVE_LOCATION">c:/work/Harman_4_LJP/Basys3/ip_repo/myMotorControl_1.0</xilinx:tag>
        <xilinx:tag xilinx:name="ui.data.coregen.dd@8be636b_ARCHIVE_LOCATION">c:/work/Harman_4_LJP/Basys3/ip_repo/myMotorControl_1.0</xilinx:tag>
        <xilinx:tag xilinx:name="ui.data.coregen.dd@3a1bd78f_ARCHIVE_LOCATION">c:/work/Harman_4_LJP/Basys3/ip_repo/myMotorControl_1.0</xilinx:tag>
        <xilinx:tag xilinx:name="ui.data.coregen.dd@353a2dff_ARCHIVE_LOCATION">c:/work/Harman_4_LJP/Basys3/ip_repo/myMotorControl_1.0</xilinx:tag>
        <xilinx:tag xilinx:name="ui.data.coregen.dd@b7b913f_ARCHIVE_LOCATION">c:/work/Harman_4_LJP/Basys3/ip_repo/myMotorControl_1.0</xilinx:tag>
        <xilinx:tag xilinx:name="ui.data.coregen.dd@6af96536_ARCHIVE_LOCATION">c:/work/Harman_4_LJP/Basys3/ip_repo/myMotorControl_1.0</xilinx:tag>
        <xilinx:tag xilinx:name="ui.data.coregen.dd@229ed3d7_ARCHIVE_LOCATION">c:/work/ip_repo/myMotorControl_1.0</xilinx:tag>
        <xilinx:tag xilinx:name="ui.data.coregen.dd@78f9e978_ARCHIVE_LOCATION">c:/work/ip_repo/myMotorControl_1.0</xilinx:tag>
        <xilinx:tag xilinx:name="ui.data.coregen.dd@4c819bba_ARCHIVE_LOCATION">c:/work/ip_repo/myMotorControl_1.0</xilinx:tag>
        <xilinx:tag xilinx:name="ui.data.coregen.dd@6e891443_ARCHIVE_LOCATION">c:/work/ip_repo/myMotorControl_1.0</xilinx:tag>
        <xilinx:tag xilinx:name="ui.data.coregen.dd@426b513_ARCHIVE_LOCATION">c:/work/ip_repo/myMotorControl_1.0</xilinx:tag>
        <xilinx:tag xilinx:name="ui.data.coregen.dd@65fc678f_ARCHIVE_LOCATION">c:/work/ip_repo/myMotorControl_1.0</xilinx:tag>
        <xilinx:tag xilinx:name="ui.data.coregen.dd@35870a6d_ARCHIVE_LOCATION">c:/work/ip_repo/myMotorControl_1.0</xilinx:tag>
        <xilinx:tag xilinx:name="ui.data.coregen.dd@4e86f49d_ARCHIVE_LOCATION">c:/work/ip_repo/myMotorControl_1.0</xilinx:tag>
        <xilinx:tag xilinx:name="ui.data.coregen.dd@620a9074_ARCHIVE_LOCATION">c:/work/ip_repo/myMotorControl_1.0</xilinx:tag>
        <xilinx:tag xilinx:name="ui.data.coregen.dd@684b9f7_ARCHIVE_LOCATION">c:/work/ip_repo/myMotorControl_1.0</xilinx:tag>
        <xilinx:tag xilinx:name="ui.data.coregen.dd@48960ca3_ARCHIVE_LOCATION">c:/work/ip_repo/myMotorControl_1.0</xilinx:tag>
        <xilinx:tag xilinx:name="ui.data.coregen.dd@108f1153_ARCHIVE_LOCATION">c:/work/ip_repo/myMotorControl_1.0</xilinx:tag>
        <xilinx:tag xilinx:name="ui.data.coregen.dd@83f1873_ARCHIVE_LOCATION">c:/work/ip_repo/myMotorControl_1.0</xilinx:tag>
        <xilinx:tag xilinx:name="ui.data.coregen.dd@29a72497_ARCHIVE_LOCATION">c:/work/ip_repo/myMotorControl_1.0</xilinx:tag>
        <xilinx:tag xilinx:name="ui.data.coregen.dd@7ad37a34_ARCHIVE_LOCATION">c:/work/ip_repo/myMotorControl_1.0</xilinx:tag>
        <xilinx:tag xilinx:name="ui.data.coregen.dd@37a6a210_ARCHIVE_LOCATION">c:/work/ip_repo/myMotorControl_1.0</xilinx:tag>
        <xilinx:tag xilinx:name="ui.data.coregen.dd@7e8134f4_ARCHIVE_LOCATION">c:/work/ip_repo/myMotorControl_1.0</xilinx:tag>
        <xilinx:tag xilinx:name="ui.data.coregen.dd@8b584af_ARCHIVE_LOCATION">c:/work/ip_repo/myMotorControl_1.0</xilinx:tag>
        <xilinx:tag xilinx:name="ui.data.coregen.dd@4b3d6f7b_ARCHIVE_LOCATION">c:/work/ip_repo/myMotorControl_1.0</xilinx:tag>
        <xilinx:tag xilinx:name="ui.data.coregen.dd@6d4fe04f_ARCHIVE_LOCATION">c:/work/ip_repo/myMotorControl_1.0</xilinx:tag>
        <xilinx:tag xilinx:name="ui.data.coregen.dd@3e29b0a2_ARCHIVE_LOCATION">c:/work/ip_repo/myMotorControl_1.0</xilinx:tag>
        <xilinx:tag xilinx:name="ui.data.coregen.dd@5c795dfa_ARCHIVE_LOCATION">c:/work/ip_repo/myMotorControl_1.0</xilinx:tag>
        <xilinx:tag xilinx:name="ui.data.coregen.dd@530f91a4_ARCHIVE_LOCATION">c:/work/ip_repo/myMotorControl_1.0</xilinx:tag>
        <xilinx:tag xilinx:name="ui.data.coregen.dd@4d1c7de9_ARCHIVE_LOCATION">c:/work/ip_repo/myMotorControl_1.0</xilinx:tag>
        <xilinx:tag xilinx:name="ui.data.coregen.dd@23e58a3e_ARCHIVE_LOCATION">c:/work/ip_repo/myMotorControl_1.0</xilinx:tag>
        <xilinx:tag xilinx:name="ui.data.coregen.dd@2cbf1a3a_ARCHIVE_LOCATION">c:/work/ip_repo/myMotorControl_1.0</xilinx:tag>
        <xilinx:tag xilinx:name="ui.data.coregen.dd@68500ba_ARCHIVE_LOCATION">c:/work/ip_repo/myMotorControl_1.0</xilinx:tag>
        <xilinx:tag xilinx:name="ui.data.coregen.dd@5ed26c81_ARCHIVE_LOCATION">c:/work/ip_repo/myMotorControl_1.0</xilinx:tag>
        <xilinx:tag xilinx:name="ui.data.coregen.dd@139a1f71_ARCHIVE_LOCATION">c:/work/ip_repo/myMotorControl_1.0</xilinx:tag>
        <xilinx:tag xilinx:name="ui.data.coregen.dd@35fcb75b_ARCHIVE_LOCATION">c:/work/ip_repo/myMotorControl_1.0</xilinx:tag>
        <xilinx:tag xilinx:name="ui.data.coregen.dd@7c0f7d22_ARCHIVE_LOCATION">c:/work/ip_repo/myMotorControl_1.0</xilinx:tag>
        <xilinx:tag xilinx:name="ui.data.coregen.dd@64df49b1_ARCHIVE_LOCATION">c:/work/ip_repo/myMotorControl_1.0</xilinx:tag>
        <xilinx:tag xilinx:name="ui.data.coregen.dd@4f18f29a_ARCHIVE_LOCATION">c:/work/ip_repo/myMotorControl_1.0</xilinx:tag>
        <xilinx:tag xilinx:name="ui.data.coregen.dd@42ec3d51_ARCHIVE_LOCATION">c:/work/ip_repo/myMotorControl_1.0</xilinx:tag>
        <xilinx:tag xilinx:name="ui.data.coregen.dd@3ab6a8a0_ARCHIVE_LOCATION">c:/work/ip_repo/myMotorControl_1.0</xilinx:tag>
        <xilinx:tag xilinx:name="ui.data.coregen.dd@36661cfb_ARCHIVE_LOCATION">c:/work/ip_repo/myMotorControl_1.0</xilinx:tag>
      </xilinx:tags>
    </xilinx:coreExtensions>
    <xilinx:packagingInfo>
      <xilinx:xilinxVersion>2019.2</xilinx:xilinxVersion>
      <xilinx:checksum xilinx:scope="busInterfaces" xilinx:value="7a63f3fc"/>
      <xilinx:checksum xilinx:scope="memoryMaps" xilinx:value="ed1368d5"/>
      <xilinx:checksum xilinx:scope="fileGroups" xilinx:value="d30f83ba"/>
      <xilinx:checksum xilinx:scope="ports" xilinx:value="88b83ea4"/>
      <xilinx:checksum xilinx:scope="hdlParameters" xilinx:value="6992ea72"/>
      <xilinx:checksum xilinx:scope="parameters" xilinx:value="ac2659f2"/>
    </xilinx:packagingInfo>
  </spirit:vendorExtensions>
</spirit:component>
